MONTH,MONTH_NUM,REGION,SEGMENT,REVENUE_BUDGET,REVENUE_ACTUAL,EXPENSE_BUDGET,EXPENSE_ACTUAL,YEAR,REVENUE_VARIANCE,REVENUE_VAR_PCT,EXPENSE_VARIANCE,EXPENSE_VAR_PCT,NETINCOME_BUDGET,NETINCOME_ACTUAL,NETINCOME_VARIANCE,MARGIN_BUDGET,MARGIN_ACTUAL,REV_VARIANCE,REV_VAR_PCT,EXP_VARIANCE,EXP_VAR_PCT,NI_ACTUAL,NI_BUDGET,NI_VARIANCE,NET_MARGIN_PCT,VARIANCE_STATUS,RISK_FLAG,RUN_DATE
Jan,1,North America,Equity Funds,3328761.33,3107633.64,1670088.54,1740913.45,2024,-221127.69,-6.64,70824.91,4.24,1658672.79,1366720.19,-291952.6,49.83,43.98,-221127.69,-6.64,70824.91,4.24,1366720.19,1658672.79,-291952.6,43.98,UNFAVORABLE,WATCH,2026-03-01
Jan,1,North America,Fixed Income,4476147.48,3971020.2,2042997.23,2045623.03,2024,-505127.28,-11.28,2625.8,0.13,2433150.25,1925397.17,-507753.08,54.36,48.49,-505127.28,-11.28,2625.8,0.13,1925397.17,2433150.25,-507753.08,48.49,CRITICAL,CRITICAL,2026-03-01
Jan,1,North America,Real Estate,938773.54,948899.11,438549.91,447945.3,2024,10125.57,1.08,9395.39,2.14,500223.63,500953.81,730.18,53.28,52.79,10125.57,1.08,9395.39,2.14,500953.81,500223.63,730.18,52.79,ON TARGET,OK,2026-03-01
Jan,1,North America,Hedge Funds,4456472.11,4668392.76,1837369.97,1685447.18,2024,211920.65,4.76,-151922.79,-8.27,2619102.14,2982945.58,363843.44,58.77,63.9,211920.65,4.76,-151922.79,-8.27,2982945.58,2619102.14,363843.44,63.9,FAVORABLE,OK,2026-03-01
Jan,1,North America,Private Equity,4427677.88,3999131.49,2840458.74,2911169.82,2024,-428546.39,-9.68,70711.08,2.49,1587219.14,1087961.67,-499257.47,35.85,27.2,-428546.39,-9.68,70711.08,2.49,1087961.67,1587219.14,-499257.47,27.2,UNFAVORABLE,WATCH,2026-03-01
Jan,1,Europe,Equity Funds,4220297.44,4699502.86,2734644.77,2768799.8,2024,479205.42,11.35,34155.03,1.25,1485652.67,1930703.06,445050.39,35.2,41.08,479205.42,11.35,34155.03,1.25,1930703.06,1485652.67,445050.39,41.08,FAVORABLE,OK,2026-03-01
Jan,1,Europe,Fixed Income,4593373.86,4678647.62,2833788.97,2524899.89,2024,85273.76,1.86,-308889.08,-10.9,1759584.89,2153747.73,394162.84,38.31,46.03,85273.76,1.86,-308889.08,-10.9,2153747.73,1759584.89,394162.84,46.03,ON TARGET,OK,2026-03-01
Jan,1,Europe,Real Estate,1609497.14,1506279.79,868005.73,821752.89,2024,-103217.35,-6.41,-46252.84,-5.33,741491.41,684526.9,-56964.51,46.07,45.44,-103217.35,-6.41,-46252.84,-5.33,684526.9,741491.41,-56964.51,45.44,UNFAVORABLE,WATCH,2026-03-01
Jan,1,Europe,Hedge Funds,3379783.51,3144150.71,1850750.71,2044704.02,2024,-235632.8,-6.97,193953.31,10.48,1529032.8,1099446.69,-429586.11,45.24,34.97,-235632.8,-6.97,193953.31,10.48,1099446.69,1529032.8,-429586.11,34.97,UNFAVORABLE,WATCH,2026-03-01
Jan,1,Europe,Private Equity,3290115.22,3471040.08,2078337.43,2018209.69,2024,180924.86,5.5,-60127.74,-2.89,1211777.79,1452830.39,241052.6,36.83,41.86,180924.86,5.5,-60127.74,-2.89,1452830.39,1211777.79,241052.6,41.86,FAVORABLE,OK,2026-03-01
Jan,1,Asia Pacific,Equity Funds,5012446.64,5234535.22,3399924.25,3625135.16,2024,222088.58,4.43,225210.91,6.62,1612522.39,1609400.06,-3122.33,32.17,30.75,222088.58,4.43,225210.91,6.62,1609400.06,1612522.39,-3122.33,30.75,FAVORABLE,OK,2026-03-01
Jan,1,Asia Pacific,Fixed Income,1696967.49,1602374.81,763055.85,844167.41,2024,-94592.68,-5.57,81111.56,10.63,933911.64,758207.4,-175704.24,55.03,47.32,-94592.68,-5.57,81111.56,10.63,758207.4,933911.64,-175704.24,47.32,UNFAVORABLE,WATCH,2026-03-01
Jan,1,Asia Pacific,Real Estate,4620040.21,4504315.85,2641575.98,2615488.95,2024,-115724.36,-2.5,-26087.03,-0.99,1978464.23,1888826.9,-89637.33,42.82,41.93,-115724.36,-2.5,-26087.03,-0.99,1888826.9,1978464.23,-89637.33,41.93,UNFAVORABLE,WATCH,2026-03-01
Jan,1,Asia Pacific,Hedge Funds,1935969.97,1825731.94,1019078.96,1116378.06,2024,-110238.03,-5.69,97299.1,9.55,916891.01,709353.88,-207537.13,47.36,38.85,-110238.03,-5.69,97299.1,9.55,709353.88,916891.01,-207537.13,38.85,UNFAVORABLE,WATCH,2026-03-01
Jan,1,Asia Pacific,Private Equity,2724010.23,2730238.16,1173322.53,1045791.68,2024,6227.93,0.23,-127530.85,-10.87,1550687.7,1684446.48,133758.78,56.93,61.7,6227.93,0.23,-127530.85,-10.87,1684446.48,1550687.7,133758.78,61.7,ON TARGET,OK,2026-03-01
Jan,1,Latin America,Equity Funds,1334161.09,1309236.82,734281.22,713419.28,2024,-24924.27,-1.87,-20861.94,-2.84,599879.87,595817.54,-4062.33,44.96,45.51,-24924.27,-1.87,-20861.94,-2.84,595817.54,599879.87,-4062.33,45.51,ON TARGET,OK,2026-03-01
Jan,1,Latin America,Fixed Income,5453253.38,5925434.93,2737345.72,2882351.78,2024,472181.55,8.66,145006.06,5.3,2715907.66,3043083.15,327175.49,49.8,51.36,472181.55,8.66,145006.06,5.3,3043083.15,2715907.66,327175.49,51.36,FAVORABLE,OK,2026-03-01
Jan,1,Latin America,Real Estate,3492351.12,3610500.26,2064627.75,2032303.24,2024,118149.14,3.38,-32324.51,-1.57,1427723.37,1578197.02,150473.65,40.88,43.71,118149.14,3.38,-32324.51,-1.57,1578197.02,1427723.37,150473.65,43.71,FAVORABLE,OK,2026-03-01
Jan,1,Latin America,Hedge Funds,2909024.08,2743830.41,1991975.92,1838347.67,2024,-165193.67,-5.68,-153628.25,-7.71,917048.16,905482.74,-11565.42,31.52,33.0,-165193.67,-5.68,-153628.25,-7.71,905482.74,917048.16,-11565.42,33.0,UNFAVORABLE,WATCH,2026-03-01
Jan,1,Latin America,Private Equity,4446274.38,4594548.2,3366617.25,3086115.5,2024,148273.82,3.33,-280501.75,-8.33,1079657.13,1508432.7,428775.57,24.28,32.83,148273.82,3.33,-280501.75,-8.33,1508432.7,1079657.13,428775.57,32.83,FAVORABLE,OK,2026-03-01
Jan,1,Middle East,Equity Funds,4225588.38,4256371.29,2204211.0,2111187.68,2024,30782.91,0.73,-93023.32,-4.22,2021377.38,2145183.61,123806.23,47.84,50.4,30782.91,0.73,-93023.32,-4.22,2145183.61,2021377.38,123806.23,50.4,ON TARGET,OK,2026-03-01
Jan,1,Middle East,Fixed Income,948593.88,1024101.69,617857.33,552303.93,2024,75507.81,7.96,-65553.4,-10.61,330736.55,471797.76,141061.21,34.87,46.07,75507.81,7.96,-65553.4,-10.61,471797.76,330736.55,141061.21,46.07,FAVORABLE,OK,2026-03-01
Jan,1,Middle East,Real Estate,4115752.66,4101914.31,3010479.31,3198768.29,2024,-13838.35,-0.34,188288.98,6.25,1105273.35,903146.02,-202127.33,26.85,22.02,-13838.35,-0.34,188288.98,6.25,903146.02,1105273.35,-202127.33,22.02,ON TARGET,OK,2026-03-01
Jan,1,Middle East,Hedge Funds,3996648.91,4044420.3,1869934.54,2037076.64,2024,47771.39,1.2,167142.1,8.94,2126714.37,2007343.66,-119370.71,53.21,49.63,47771.39,1.2,167142.1,8.94,2007343.66,2126714.37,-119370.71,49.63,ON TARGET,OK,2026-03-01
Jan,1,Middle East,Private Equity,2597433.96,2740769.34,1244378.98,1188147.87,2024,143335.38,5.52,-56231.11,-4.52,1353054.98,1552621.47,199566.49,52.09,56.65,143335.38,5.52,-56231.11,-4.52,1552621.47,1353054.98,199566.49,56.65,FAVORABLE,OK,2026-03-01
Feb,2,North America,Equity Funds,4917979.6,4938724.63,2968234.98,2772115.86,2024,20745.03,0.42,-196119.12,-6.61,1949744.62,2166608.77,216864.15,39.65,43.87,20745.03,0.42,-196119.12,-6.61,2166608.77,1949744.62,216864.15,43.87,ON TARGET,OK,2026-03-01
Feb,2,North America,Fixed Income,2100132.5,1959113.16,1271456.6,1311462.61,2024,-141019.34,-6.71,40006.01,3.15,828675.9,647650.55,-181025.35,39.46,33.06,-141019.34,-6.71,40006.01,3.15,647650.55,828675.9,-181025.35,33.06,UNFAVORABLE,WATCH,2026-03-01
Feb,2,North America,Real Estate,1888259.03,1693779.23,1204575.37,1253426.52,2024,-194479.8,-10.3,48851.15,4.06,683683.66,440352.71,-243330.95,36.21,26.0,-194479.8,-10.3,48851.15,4.06,440352.71,683683.66,-243330.95,26.0,CRITICAL,CRITICAL,2026-03-01
Feb,2,North America,Hedge Funds,1847851.54,1879358.04,827828.85,884376.73,2024,31506.5,1.71,56547.88,6.83,1020022.69,994981.31,-25041.38,55.2,52.94,31506.5,1.71,56547.88,6.83,994981.31,1020022.69,-25041.38,52.94,ON TARGET,OK,2026-03-01
Feb,2,North America,Private Equity,3853595.51,3789827.31,2093111.3,2076546.25,2024,-63768.2,-1.65,-16565.05,-0.79,1760484.21,1713281.06,-47203.15,45.68,45.21,-63768.2,-1.65,-16565.05,-0.79,1713281.06,1760484.21,-47203.15,45.21,ON TARGET,OK,2026-03-01
Feb,2,Europe,Equity Funds,4236099.26,3827825.24,2469094.87,2373868.36,2024,-408274.02,-9.64,-95226.51,-3.86,1767004.39,1453956.88,-313047.51,41.71,37.98,-408274.02,-9.64,-95226.51,-3.86,1453956.88,1767004.39,-313047.51,37.98,UNFAVORABLE,WATCH,2026-03-01
Feb,2,Europe,Fixed Income,4145229.76,4094107.68,2281987.73,2160701.99,2024,-51122.08,-1.23,-121285.74,-5.31,1863242.03,1933405.69,70163.66,44.95,47.22,-51122.08,-1.23,-121285.74,-5.31,1933405.69,1863242.03,70163.66,47.22,ON TARGET,OK,2026-03-01
Feb,2,Europe,Real Estate,1828154.7,1986699.2,1357852.11,1211395.81,2024,158544.5,8.67,-146456.3,-10.79,470302.59,775303.39,305000.8,25.73,39.02,158544.5,8.67,-146456.3,-10.79,775303.39,470302.59,305000.8,39.02,FAVORABLE,OK,2026-03-01
Feb,2,Europe,Hedge Funds,5465699.95,6024994.51,3746150.97,3446139.22,2024,559294.56,10.23,-300011.75,-8.01,1719548.98,2578855.29,859306.31,31.46,42.8,559294.56,10.23,-300011.75,-8.01,2578855.29,1719548.98,859306.31,42.8,FAVORABLE,OK,2026-03-01
Feb,2,Europe,Private Equity,2783489.69,2488641.57,1424615.97,1590546.87,2024,-294848.12,-10.59,165930.9,11.65,1358873.72,898094.7,-460779.02,48.82,36.09,-294848.12,-10.59,165930.9,11.65,898094.7,1358873.72,-460779.02,36.09,CRITICAL,CRITICAL,2026-03-01
Feb,2,Asia Pacific,Equity Funds,1896631.37,1861585.03,1431358.92,1601549.56,2024,-35046.34,-1.85,170190.64,11.89,465272.45,260035.47,-205236.98,24.53,13.97,-35046.34,-1.85,170190.64,11.89,260035.47,465272.45,-205236.98,13.97,ON TARGET,OK,2026-03-01
Feb,2,Asia Pacific,Fixed Income,2917837.94,2775476.27,2281434.54,2324789.26,2024,-142361.67,-4.88,43354.72,1.9,636403.4,450687.01,-185716.39,21.81,16.24,-142361.67,-4.88,43354.72,1.9,450687.01,636403.4,-185716.39,16.24,UNFAVORABLE,WATCH,2026-03-01
Feb,2,Asia Pacific,Real Estate,2804679.88,2861341.77,2076437.56,2252213.76,2024,56661.89,2.02,175776.2,8.47,728242.32,609128.01,-119114.31,25.97,21.29,56661.89,2.02,175776.2,8.47,609128.01,728242.32,-119114.31,21.29,FAVORABLE,OK,2026-03-01
Feb,2,Asia Pacific,Hedge Funds,1338507.77,1237581.59,1099223.18,1145446.63,2024,-100926.18,-7.54,46223.45,4.21,239284.59,92134.96,-147149.63,17.88,7.44,-100926.18,-7.54,46223.45,4.21,92134.96,239284.59,-147149.63,7.44,UNFAVORABLE,WATCH,2026-03-01
Feb,2,Asia Pacific,Private Equity,1927411.89,1810016.48,885261.73,910625.86,2024,-117395.41,-6.09,25364.13,2.87,1042150.16,899390.62,-142759.54,54.07,49.69,-117395.41,-6.09,25364.13,2.87,899390.62,1042150.16,-142759.54,49.69,UNFAVORABLE,WATCH,2026-03-01
Feb,2,Latin America,Equity Funds,2572412.79,2840791.33,1506045.81,1584188.55,2024,268378.54,10.43,78142.74,5.19,1066366.98,1256602.78,190235.8,41.45,44.23,268378.54,10.43,78142.74,5.19,1256602.78,1066366.98,190235.8,44.23,FAVORABLE,OK,2026-03-01
Feb,2,Latin America,Fixed Income,1864374.67,1774883.38,987446.74,1047135.41,2024,-89491.29,-4.8,59688.67,6.04,876927.93,727747.97,-149179.96,47.04,41.0,-89491.29,-4.8,59688.67,6.04,727747.97,876927.93,-149179.96,41.0,UNFAVORABLE,WATCH,2026-03-01
Feb,2,Latin America,Real Estate,1214807.72,1359446.55,593594.87,552730.04,2024,144638.83,11.91,-40864.83,-6.88,621212.85,806716.51,185503.66,51.14,59.34,144638.83,11.91,-40864.83,-6.88,806716.51,621212.85,185503.66,59.34,FAVORABLE,OK,2026-03-01
Feb,2,Latin America,Hedge Funds,2059624.49,2247101.52,1360606.26,1248845.03,2024,187477.03,9.1,-111761.23,-8.21,699018.23,998256.49,299238.26,33.94,44.42,187477.03,9.1,-111761.23,-8.21,998256.49,699018.23,299238.26,44.42,FAVORABLE,OK,2026-03-01
Feb,2,Latin America,Private Equity,4397810.3,4912072.36,2931282.13,2585031.89,2024,514262.06,11.69,-346250.24,-11.81,1466528.17,2327040.47,860512.3,33.35,47.37,514262.06,11.69,-346250.24,-11.81,2327040.47,1466528.17,860512.3,47.37,FAVORABLE,OK,2026-03-01
Feb,2,Middle East,Equity Funds,4370124.26,4830487.14,2117318.14,1921895.78,2024,460362.88,10.53,-195422.36,-9.23,2252806.12,2908591.36,655785.24,51.55,60.21,460362.88,10.53,-195422.36,-9.23,2908591.36,2252806.12,655785.24,60.21,FAVORABLE,OK,2026-03-01
Feb,2,Middle East,Fixed Income,1192658.6,1222664.89,803180.81,746045.22,2024,30006.29,2.52,-57135.59,-7.11,389477.79,476619.67,87141.88,32.66,38.98,30006.29,2.52,-57135.59,-7.11,476619.67,389477.79,87141.88,38.98,FAVORABLE,OK,2026-03-01
Feb,2,Middle East,Real Estate,3455854.75,3792042.92,1959909.34,1768135.41,2024,336188.17,9.73,-191773.93,-9.78,1495945.41,2023907.51,527962.1,43.29,53.37,336188.17,9.73,-191773.93,-9.78,2023907.51,1495945.41,527962.1,53.37,FAVORABLE,OK,2026-03-01
Feb,2,Middle East,Hedge Funds,2322945.3,2474096.13,1412323.17,1331636.11,2024,151150.83,6.51,-80687.06,-5.71,910622.13,1142460.02,231837.89,39.2,46.18,151150.83,6.51,-80687.06,-5.71,1142460.02,910622.13,231837.89,46.18,FAVORABLE,OK,2026-03-01
Feb,2,Middle East,Private Equity,3856575.14,3402736.18,2203961.0,2406605.37,2024,-453838.96,-11.77,202644.37,9.19,1652614.14,996130.81,-656483.33,42.85,29.27,-453838.96,-11.77,202644.37,9.19,996130.81,1652614.14,-656483.33,29.27,CRITICAL,CRITICAL,2026-03-01
Mar,3,North America,Equity Funds,4904093.2,5001205.5,2622237.66,2387775.33,2024,97112.3,1.98,-234462.33,-8.94,2281855.54,2613430.17,331574.63,46.53,52.26,97112.3,1.98,-234462.33,-8.94,2613430.17,2281855.54,331574.63,52.26,ON TARGET,OK,2026-03-01
Mar,3,North America,Fixed Income,2218741.66,2410815.06,1627811.64,1514545.85,2024,192073.4,8.66,-113265.79,-6.96,590930.02,896269.21,305339.19,26.63,37.18,192073.4,8.66,-113265.79,-6.96,896269.21,590930.02,305339.19,37.18,FAVORABLE,OK,2026-03-01
Mar,3,North America,Real Estate,1951557.26,2131475.87,871962.13,897213.07,2024,179918.61,9.22,25250.94,2.9,1079595.13,1234262.8,154667.67,55.32,57.91,179918.61,9.22,25250.94,2.9,1234262.8,1079595.13,154667.67,57.91,FAVORABLE,OK,2026-03-01
Mar,3,North America,Hedge Funds,1554795.8,1732492.55,1122017.03,1224726.34,2024,177696.75,11.43,102709.31,9.15,432778.77,507766.21,74987.44,27.84,29.31,177696.75,11.43,102709.31,9.15,507766.21,432778.77,74987.44,29.31,FAVORABLE,OK,2026-03-01
Mar,3,North America,Private Equity,873758.4,964101.36,643293.9,699501.94,2024,90342.96,10.34,56208.04,8.74,230464.5,264599.42,34134.92,26.38,27.45,90342.96,10.34,56208.04,8.74,264599.42,230464.5,34134.92,27.45,FAVORABLE,OK,2026-03-01
Mar,3,Europe,Equity Funds,4446837.55,4028581.13,2394808.15,2600911.04,2024,-418256.42,-9.41,206102.89,8.61,2052029.4,1427670.09,-624359.31,46.15,35.44,-418256.42,-9.41,206102.89,8.61,1427670.09,2052029.4,-624359.31,35.44,UNFAVORABLE,WATCH,2026-03-01
Mar,3,Europe,Fixed Income,1720453.02,1640014.63,1276434.95,1192985.36,2024,-80438.39,-4.68,-83449.59,-6.54,444018.07,447029.27,3011.2,25.81,27.26,-80438.39,-4.68,-83449.59,-6.54,447029.27,444018.07,3011.2,27.26,UNFAVORABLE,WATCH,2026-03-01
Mar,3,Europe,Real Estate,868498.71,944444.32,499493.82,473015.65,2024,75945.61,8.74,-26478.17,-5.3,369004.89,471428.67,102423.78,42.49,49.92,75945.61,8.74,-26478.17,-5.3,471428.67,369004.89,102423.78,49.92,FAVORABLE,OK,2026-03-01
Mar,3,Europe,Hedge Funds,3830472.19,3863765.8,2166306.89,1966317.81,2024,33293.61,0.87,-199989.08,-9.23,1664165.3,1897447.99,233282.69,43.45,49.11,33293.61,0.87,-199989.08,-9.23,1897447.99,1664165.3,233282.69,49.11,ON TARGET,OK,2026-03-01
Mar,3,Europe,Private Equity,5326716.67,5026886.05,2262955.29,2227416.26,2024,-299830.62,-5.63,-35539.03,-1.57,3063761.38,2799469.79,-264291.59,57.52,55.69,-299830.62,-5.63,-35539.03,-1.57,2799469.79,3063761.38,-264291.59,55.69,UNFAVORABLE,WATCH,2026-03-01
Mar,3,Asia Pacific,Equity Funds,3941880.14,3952686.94,2051956.07,2089673.34,2024,10806.8,0.27,37717.27,1.84,1889924.07,1863013.6,-26910.47,47.94,47.13,10806.8,0.27,37717.27,1.84,1863013.6,1889924.07,-26910.47,47.13,ON TARGET,OK,2026-03-01
Mar,3,Asia Pacific,Fixed Income,1683483.56,1855431.27,1248547.45,1314299.95,2024,171947.71,10.21,65752.5,5.27,434936.11,541131.32,106195.21,25.84,29.16,171947.71,10.21,65752.5,5.27,541131.32,434936.11,106195.21,29.16,FAVORABLE,OK,2026-03-01
Mar,3,Asia Pacific,Real Estate,3809843.42,3416643.63,2633945.38,2526606.86,2024,-393199.79,-10.32,-107338.52,-4.08,1175898.04,890036.77,-285861.27,30.86,26.05,-393199.79,-10.32,-107338.52,-4.08,890036.77,1175898.04,-285861.27,26.05,CRITICAL,CRITICAL,2026-03-01
Mar,3,Asia Pacific,Hedge Funds,2211553.2,2105569.7,1435324.15,1403767.54,2024,-105983.5,-4.79,-31556.61,-2.2,776229.05,701802.16,-74426.89,35.1,33.33,-105983.5,-4.79,-31556.61,-2.2,701802.16,776229.05,-74426.89,33.33,UNFAVORABLE,WATCH,2026-03-01
Mar,3,Asia Pacific,Private Equity,2304464.86,2260465.99,1459539.03,1521651.62,2024,-43998.87,-1.91,62112.59,4.26,844925.83,738814.37,-106111.46,36.66,32.68,-43998.87,-1.91,62112.59,4.26,738814.37,844925.83,-106111.46,32.68,ON TARGET,OK,2026-03-01
Mar,3,Latin America,Equity Funds,4408984.28,4459709.34,2623012.83,2488870.1,2024,50725.06,1.15,-134142.73,-5.11,1785971.45,1970839.24,184867.79,40.51,44.19,50725.06,1.15,-134142.73,-5.11,1970839.24,1785971.45,184867.79,44.19,ON TARGET,OK,2026-03-01
Mar,3,Latin America,Fixed Income,2686148.27,2663577.01,1607031.2,1496609.41,2024,-22571.26,-0.84,-110421.79,-6.87,1079117.07,1166967.6,87850.53,40.17,43.81,-22571.26,-0.84,-110421.79,-6.87,1166967.6,1079117.07,87850.53,43.81,ON TARGET,OK,2026-03-01
Mar,3,Latin America,Real Estate,2952408.8,2718359.35,1841164.44,1847992.37,2024,-234049.45,-7.93,6827.93,0.37,1111244.36,870366.98,-240877.38,37.64,32.02,-234049.45,-7.93,6827.93,0.37,870366.98,1111244.36,-240877.38,32.02,UNFAVORABLE,WATCH,2026-03-01
Mar,3,Latin America,Hedge Funds,3678595.65,3900316.21,1969819.08,1839641.14,2024,221720.56,6.03,-130177.94,-6.61,1708776.57,2060675.07,351898.5,46.45,52.83,221720.56,6.03,-130177.94,-6.61,2060675.07,1708776.57,351898.5,52.83,FAVORABLE,OK,2026-03-01
Mar,3,Latin America,Private Equity,1552840.56,1543574.33,800691.05,718603.22,2024,-9266.23,-0.6,-82087.83,-10.25,752149.51,824971.11,72821.6,48.44,53.45,-9266.23,-0.6,-82087.83,-10.25,824971.11,752149.51,72821.6,53.45,ON TARGET,OK,2026-03-01
Mar,3,Middle East,Equity Funds,2385385.49,2497796.83,1621472.45,1521843.13,2024,112411.34,4.71,-99629.32,-6.14,763913.04,975953.7,212040.66,32.02,39.07,112411.34,4.71,-99629.32,-6.14,975953.7,763913.04,212040.66,39.07,FAVORABLE,OK,2026-03-01
Mar,3,Middle East,Fixed Income,3733901.66,3975899.88,1479510.47,1452931.19,2024,241998.22,6.48,-26579.28,-1.8,2254391.19,2522968.69,268577.5,60.38,63.46,241998.22,6.48,-26579.28,-1.8,2522968.69,2254391.19,268577.5,63.46,FAVORABLE,OK,2026-03-01
Mar,3,Middle East,Real Estate,1544250.47,1377552.36,1077725.54,1167824.17,2024,-166698.11,-10.79,90098.63,8.36,466524.93,209728.19,-256796.74,30.21,15.22,-166698.11,-10.79,90098.63,8.36,209728.19,466524.93,-256796.74,15.22,CRITICAL,CRITICAL,2026-03-01
Mar,3,Middle East,Hedge Funds,2808206.09,3137030.7,1911794.45,2118286.42,2024,328824.61,11.71,206491.97,10.8,896411.64,1018744.28,122332.64,31.92,32.47,328824.61,11.71,206491.97,10.8,1018744.28,896411.64,122332.64,32.47,FAVORABLE,OK,2026-03-01
Mar,3,Middle East,Private Equity,4743264.58,4748703.96,3070365.84,3105642.1,2024,5439.38,0.11,35276.26,1.15,1672898.74,1643061.86,-29836.88,35.27,34.6,5439.38,0.11,35276.26,1.15,1643061.86,1672898.74,-29836.88,34.6,ON TARGET,OK,2026-03-01
Apr,4,North America,Equity Funds,4545135.21,4282453.54,2919447.87,3015902.76,2024,-262681.67,-5.78,96454.89,3.3,1625687.34,1266550.78,-359136.56,35.77,29.58,-262681.67,-5.78,96454.89,3.3,1266550.78,1625687.34,-359136.56,29.58,UNFAVORABLE,WATCH,2026-03-01
Apr,4,North America,Fixed Income,4118232.4,3895449.98,2229706.03,2115042.85,2024,-222782.42,-5.41,-114663.18,-5.14,1888526.37,1780407.13,-108119.24,45.86,45.7,-222782.42,-5.41,-114663.18,-5.14,1780407.13,1888526.37,-108119.24,45.7,UNFAVORABLE,WATCH,2026-03-01
Apr,4,North America,Real Estate,1956792.18,1786961.75,1002770.0,1049446.89,2024,-169830.43,-8.68,46676.89,4.65,954022.18,737514.86,-216507.32,48.75,41.27,-169830.43,-8.68,46676.89,4.65,737514.86,954022.18,-216507.32,41.27,UNFAVORABLE,WATCH,2026-03-01
Apr,4,North America,Hedge Funds,3697346.49,3735158.05,1737938.98,1615658.03,2024,37811.56,1.02,-122280.95,-7.04,1959407.51,2119500.02,160092.51,52.99,56.74,37811.56,1.02,-122280.95,-7.04,2119500.02,1959407.51,160092.51,56.74,ON TARGET,OK,2026-03-01
Apr,4,North America,Private Equity,2607728.83,2730097.85,1982244.36,2108597.96,2024,122369.02,4.69,126353.6,6.37,625484.47,621499.89,-3984.58,23.99,22.76,122369.02,4.69,126353.6,6.37,621499.89,625484.47,-3984.58,22.76,FAVORABLE,OK,2026-03-01
Apr,4,Europe,Equity Funds,2326515.69,2468047.02,1159729.29,1285934.84,2024,141531.33,6.08,126205.55,10.88,1166786.4,1182112.18,15325.78,50.15,47.9,141531.33,6.08,126205.55,10.88,1182112.18,1166786.4,15325.78,47.9,FAVORABLE,OK,2026-03-01
Apr,4,Europe,Fixed Income,2583508.11,2647529.05,1629546.43,1519814.72,2024,64020.94,2.48,-109731.71,-6.73,953961.68,1127714.33,173752.65,36.93,42.59,64020.94,2.48,-109731.71,-6.73,1127714.33,953961.68,173752.65,42.59,FAVORABLE,OK,2026-03-01
Apr,4,Europe,Real Estate,2544298.49,2653688.19,1183544.06,1088399.82,2024,109389.7,4.3,-95144.24,-8.04,1360754.43,1565288.37,204533.94,53.48,58.99,109389.7,4.3,-95144.24,-8.04,1565288.37,1360754.43,204533.94,58.99,FAVORABLE,OK,2026-03-01
Apr,4,Europe,Hedge Funds,2830598.77,2509246.41,1320562.83,1340970.91,2024,-321352.36,-11.35,20408.08,1.55,1510035.94,1168275.5,-341760.44,53.35,46.56,-321352.36,-11.35,20408.08,1.55,1168275.5,1510035.94,-341760.44,46.56,CRITICAL,CRITICAL,2026-03-01
Apr,4,Europe,Private Equity,847246.95,839458.74,534596.35,519085.0,2024,-7788.21,-0.92,-15511.35,-2.9,312650.6,320373.74,7723.14,36.9,38.16,-7788.21,-0.92,-15511.35,-2.9,320373.74,312650.6,7723.14,38.16,ON TARGET,OK,2026-03-01
Apr,4,Asia Pacific,Equity Funds,1777215.19,1725658.7,972302.56,1049757.96,2024,-51556.49,-2.9,77455.4,7.97,804912.63,675900.74,-129011.89,45.29,39.17,-51556.49,-2.9,77455.4,7.97,675900.74,804912.63,-129011.89,39.17,UNFAVORABLE,WATCH,2026-03-01
Apr,4,Asia Pacific,Fixed Income,1680795.19,1696696.47,970717.87,935762.79,2024,15901.28,0.95,-34955.08,-3.6,710077.32,760933.68,50856.36,42.25,44.85,15901.28,0.95,-34955.08,-3.6,760933.68,710077.32,50856.36,44.85,ON TARGET,OK,2026-03-01
Apr,4,Asia Pacific,Real Estate,3637762.35,3859723.94,2633513.94,2443496.86,2024,221961.59,6.1,-190017.08,-7.22,1004248.41,1416227.08,411978.67,27.61,36.69,221961.59,6.1,-190017.08,-7.22,1416227.08,1004248.41,411978.67,36.69,FAVORABLE,OK,2026-03-01
Apr,4,Asia Pacific,Hedge Funds,819392.63,852717.43,444619.56,414523.92,2024,33324.8,4.07,-30095.64,-6.77,374773.07,438193.51,63420.44,45.74,51.39,33324.8,4.07,-30095.64,-6.77,438193.51,374773.07,63420.44,51.39,FAVORABLE,OK,2026-03-01
Apr,4,Asia Pacific,Private Equity,3489408.46,3579223.73,2667973.47,2421153.61,2024,89815.27,2.57,-246819.86,-9.25,821434.99,1158070.12,336635.13,23.54,32.36,89815.27,2.57,-246819.86,-9.25,1158070.12,821434.99,336635.13,32.36,FAVORABLE,OK,2026-03-01
Apr,4,Latin America,Equity Funds,3908649.2,3463699.61,3017975.14,3146430.27,2024,-444949.59,-11.38,128455.13,4.26,890674.06,317269.34,-573404.72,22.79,9.16,-444949.59,-11.38,128455.13,4.26,317269.34,890674.06,-573404.72,9.16,CRITICAL,CRITICAL,2026-03-01
Apr,4,Latin America,Fixed Income,5031786.12,4519747.31,2849671.98,2936695.76,2024,-512038.81,-10.18,87023.78,3.05,2182114.14,1583051.55,-599062.59,43.37,35.03,-512038.81,-10.18,87023.78,3.05,1583051.55,2182114.14,-599062.59,35.03,CRITICAL,CRITICAL,2026-03-01
Apr,4,Latin America,Real Estate,1314016.49,1345682.69,773723.64,863570.48,2024,31666.2,2.41,89846.84,11.61,540292.85,482112.21,-58180.64,41.12,35.83,31666.2,2.41,89846.84,11.61,482112.21,540292.85,-58180.64,35.83,FAVORABLE,OK,2026-03-01
Apr,4,Latin America,Hedge Funds,4028523.66,3903385.67,2267594.58,2181188.98,2024,-125137.99,-3.11,-86405.6,-3.81,1760929.08,1722196.69,-38732.39,43.71,44.12,-125137.99,-3.11,-86405.6,-3.81,1722196.69,1760929.08,-38732.39,44.12,UNFAVORABLE,WATCH,2026-03-01
Apr,4,Latin America,Private Equity,4023599.22,4468565.1,3125860.21,3372458.56,2024,444965.88,11.06,246598.35,7.89,897739.01,1096106.54,198367.53,22.31,24.53,444965.88,11.06,246598.35,7.89,1096106.54,897739.01,198367.53,24.53,FAVORABLE,OK,2026-03-01
Apr,4,Middle East,Equity Funds,3947010.52,4387945.65,2088762.1,2243263.26,2024,440935.13,11.17,154501.16,7.4,1858248.42,2144682.39,286433.97,47.08,48.88,440935.13,11.17,154501.16,7.4,2144682.39,1858248.42,286433.97,48.88,FAVORABLE,OK,2026-03-01
Apr,4,Middle East,Fixed Income,3020893.59,3188390.94,1736692.4,1883288.62,2024,167497.35,5.54,146596.22,8.44,1284201.19,1305102.32,20901.13,42.51,40.93,167497.35,5.54,146596.22,8.44,1305102.32,1284201.19,20901.13,40.93,FAVORABLE,OK,2026-03-01
Apr,4,Middle East,Real Estate,4616438.87,4332653.56,2027182.42,2080861.42,2024,-283785.31,-6.15,53679.0,2.65,2589256.45,2251792.14,-337464.31,56.09,51.97,-283785.31,-6.15,53679.0,2.65,2251792.14,2589256.45,-337464.31,51.97,UNFAVORABLE,WATCH,2026-03-01
Apr,4,Middle East,Hedge Funds,2559633.72,2364184.1,1033728.64,1107619.32,2024,-195449.62,-7.64,73890.68,7.15,1525905.08,1256564.78,-269340.3,59.61,53.15,-195449.62,-7.64,73890.68,7.15,1256564.78,1525905.08,-269340.3,53.15,UNFAVORABLE,WATCH,2026-03-01
Apr,4,Middle East,Private Equity,2319127.88,2194601.05,1436052.08,1590477.97,2024,-124526.83,-5.37,154425.89,10.75,883075.8,604123.08,-278952.72,38.08,27.53,-124526.83,-5.37,154425.89,10.75,604123.08,883075.8,-278952.72,27.53,UNFAVORABLE,WATCH,2026-03-01
May,5,North America,Equity Funds,1156925.47,1228608.01,801744.17,829818.6,2024,71682.54,6.2,28074.43,3.5,355181.3,398789.41,43608.11,30.7,32.46,71682.54,6.2,28074.43,3.5,398789.41,355181.3,43608.11,32.46,FAVORABLE,OK,2026-03-01
May,5,North America,Fixed Income,2628558.14,2452926.13,2043833.78,1948773.94,2024,-175632.01,-6.68,-95059.84,-4.65,584724.36,504152.19,-80572.17,22.25,20.55,-175632.01,-6.68,-95059.84,-4.65,504152.19,584724.36,-80572.17,20.55,UNFAVORABLE,WATCH,2026-03-01
May,5,North America,Real Estate,3262586.54,3204254.48,2013924.0,1932138.37,2024,-58332.06,-1.79,-81785.63,-4.06,1248662.54,1272116.11,23453.57,38.27,39.7,-58332.06,-1.79,-81785.63,-4.06,1272116.11,1248662.54,23453.57,39.7,ON TARGET,OK,2026-03-01
May,5,North America,Hedge Funds,3565444.54,3240837.24,1870781.9,1699966.68,2024,-324607.3,-9.1,-170815.22,-9.13,1694662.64,1540870.56,-153792.08,47.53,47.55,-324607.3,-9.1,-170815.22,-9.13,1540870.56,1694662.64,-153792.08,47.55,UNFAVORABLE,WATCH,2026-03-01
May,5,North America,Private Equity,2858530.47,2663956.91,2063787.31,2175026.27,2024,-194573.56,-6.81,111238.96,5.39,794743.16,488930.64,-305812.52,27.8,18.35,-194573.56,-6.81,111238.96,5.39,488930.64,794743.16,-305812.52,18.35,UNFAVORABLE,WATCH,2026-03-01
May,5,Europe,Equity Funds,4689012.3,4239459.18,2795139.37,2612325.96,2024,-449553.12,-9.59,-182813.41,-6.54,1893872.93,1627133.22,-266739.71,40.39,38.38,-449553.12,-9.59,-182813.41,-6.54,1627133.22,1893872.93,-266739.71,38.38,UNFAVORABLE,WATCH,2026-03-01
May,5,Europe,Fixed Income,1564261.31,1479532.66,772684.71,782579.83,2024,-84728.65,-5.42,9895.12,1.28,791576.6,696952.83,-94623.77,50.6,47.11,-84728.65,-5.42,9895.12,1.28,696952.83,791576.6,-94623.77,47.11,UNFAVORABLE,WATCH,2026-03-01
May,5,Europe,Real Estate,4003962.69,3995197.56,1955018.32,1989769.58,2024,-8765.13,-0.22,34751.26,1.78,2048944.37,2005427.98,-43516.39,51.17,50.2,-8765.13,-0.22,34751.26,1.78,2005427.98,2048944.37,-43516.39,50.2,ON TARGET,OK,2026-03-01
May,5,Europe,Hedge Funds,2596512.02,2316946.64,1755704.63,1746320.4,2024,-279565.38,-10.77,-9384.23,-0.53,840807.39,570626.24,-270181.15,32.38,24.63,-279565.38,-10.77,-9384.23,-0.53,570626.24,840807.39,-270181.15,24.63,CRITICAL,CRITICAL,2026-03-01
May,5,Europe,Private Equity,3890609.74,4011479.19,2208543.62,2022600.64,2024,120869.45,3.11,-185942.98,-8.42,1682066.12,1988878.55,306812.43,43.23,49.58,120869.45,3.11,-185942.98,-8.42,1988878.55,1682066.12,306812.43,49.58,FAVORABLE,OK,2026-03-01
May,5,Asia Pacific,Equity Funds,3476470.42,3158124.37,1802714.73,1848713.23,2024,-318346.05,-9.16,45998.5,2.55,1673755.69,1309411.14,-364344.55,48.15,41.46,-318346.05,-9.16,45998.5,2.55,1309411.14,1673755.69,-364344.55,41.46,UNFAVORABLE,WATCH,2026-03-01
May,5,Asia Pacific,Fixed Income,4139716.27,4090550.81,2109083.49,2291392.67,2024,-49165.46,-1.19,182309.18,8.64,2030632.78,1799158.14,-231474.64,49.05,43.98,-49165.46,-1.19,182309.18,8.64,1799158.14,2030632.78,-231474.64,43.98,ON TARGET,OK,2026-03-01
May,5,Asia Pacific,Real Estate,5078145.16,5211758.36,2814340.55,3116661.65,2024,133613.2,2.63,302321.1,10.74,2263804.61,2095096.71,-168707.9,44.58,40.2,133613.2,2.63,302321.1,10.74,2095096.71,2263804.61,-168707.9,40.2,FAVORABLE,OK,2026-03-01
May,5,Asia Pacific,Hedge Funds,1726379.13,1584287.26,802600.61,720747.84,2024,-142091.87,-8.23,-81852.77,-10.2,923778.52,863539.42,-60239.1,53.51,54.51,-142091.87,-8.23,-81852.77,-10.2,863539.42,923778.52,-60239.1,54.51,UNFAVORABLE,WATCH,2026-03-01
May,5,Asia Pacific,Private Equity,826458.68,785054.94,449203.36,471515.02,2024,-41403.74,-5.01,22311.66,4.97,377255.32,313539.92,-63715.4,45.65,39.94,-41403.74,-5.01,22311.66,4.97,313539.92,377255.32,-63715.4,39.94,UNFAVORABLE,WATCH,2026-03-01
May,5,Latin America,Equity Funds,3893181.92,4289269.0,2326410.35,2396235.05,2024,396087.08,10.17,69824.7,3.0,1566771.57,1893033.95,326262.38,40.24,44.13,396087.08,10.17,69824.7,3.0,1893033.95,1566771.57,326262.38,44.13,FAVORABLE,OK,2026-03-01
May,5,Latin America,Fixed Income,3523413.66,3561096.47,2688657.83,2952196.7,2024,37682.81,1.07,263538.87,9.8,834755.83,608899.77,-225856.06,23.69,17.1,37682.81,1.07,263538.87,9.8,608899.77,834755.83,-225856.06,17.1,ON TARGET,OK,2026-03-01
May,5,Latin America,Real Estate,3986425.27,3802359.4,2114121.17,2149236.07,2024,-184065.87,-4.62,35114.9,1.66,1872304.1,1653123.33,-219180.77,46.97,43.48,-184065.87,-4.62,35114.9,1.66,1653123.33,1872304.1,-219180.77,43.48,UNFAVORABLE,WATCH,2026-03-01
May,5,Latin America,Hedge Funds,2088094.7,2188189.78,1067352.37,1067473.33,2024,100095.08,4.79,120.96,0.01,1020742.33,1120716.45,99974.12,48.88,51.22,100095.08,4.79,120.96,0.01,1120716.45,1020742.33,99974.12,51.22,FAVORABLE,OK,2026-03-01
May,5,Latin America,Private Equity,2609457.43,2566889.04,1314206.55,1235470.2,2024,-42568.39,-1.63,-78736.35,-5.99,1295250.88,1331418.84,36167.96,49.64,51.87,-42568.39,-1.63,-78736.35,-5.99,1331418.84,1295250.88,36167.96,51.87,ON TARGET,OK,2026-03-01
May,5,Middle East,Equity Funds,1263099.23,1285895.37,952966.85,1067225.08,2024,22796.14,1.8,114258.23,11.99,310132.38,218670.29,-91462.09,24.55,17.01,22796.14,1.8,114258.23,11.99,218670.29,310132.38,-91462.09,17.01,ON TARGET,OK,2026-03-01
May,5,Middle East,Fixed Income,3290380.95,3492754.25,1912241.97,1981775.44,2024,202373.3,6.15,69533.47,3.64,1378138.98,1510978.81,132839.83,41.88,43.26,202373.3,6.15,69533.47,3.64,1510978.81,1378138.98,132839.83,43.26,FAVORABLE,OK,2026-03-01
May,5,Middle East,Real Estate,4726819.69,4879724.43,2340539.49,2110928.3,2024,152904.74,3.23,-229611.19,-9.81,2386280.2,2768796.13,382515.93,50.48,56.74,152904.74,3.23,-229611.19,-9.81,2768796.13,2386280.2,382515.93,56.74,FAVORABLE,OK,2026-03-01
May,5,Middle East,Hedge Funds,2338385.66,2539149.97,1201435.99,1257280.76,2024,200764.31,8.59,55844.77,4.65,1136949.67,1281869.21,144919.54,48.62,50.48,200764.31,8.59,55844.77,4.65,1281869.21,1136949.67,144919.54,50.48,FAVORABLE,OK,2026-03-01
May,5,Middle East,Private Equity,2136600.57,2162289.32,1461504.48,1396444.32,2024,25688.75,1.2,-65060.16,-4.45,675096.09,765845.0,90748.91,31.6,35.42,25688.75,1.2,-65060.16,-4.45,765845.0,675096.09,90748.91,35.42,ON TARGET,OK,2026-03-01
Jun,6,North America,Equity Funds,2116396.65,2123810.6,1755113.98,1821524.85,2024,7413.95,0.35,66410.87,3.78,361282.67,302285.75,-58996.92,17.07,14.23,7413.95,0.35,66410.87,3.78,302285.75,361282.67,-58996.92,14.23,ON TARGET,OK,2026-03-01
Jun,6,North America,Fixed Income,2886513.11,2790758.94,1857842.97,1913760.51,2024,-95754.17,-3.32,55917.54,3.01,1028670.14,876998.43,-151671.71,35.64,31.43,-95754.17,-3.32,55917.54,3.01,876998.43,1028670.14,-151671.71,31.43,UNFAVORABLE,WATCH,2026-03-01
Jun,6,North America,Real Estate,4031256.82,4445030.92,2014910.41,2110779.86,2024,413774.1,10.26,95869.45,4.76,2016346.41,2334251.06,317904.65,50.02,52.51,413774.1,10.26,95869.45,4.76,2334251.06,2016346.41,317904.65,52.51,FAVORABLE,OK,2026-03-01
Jun,6,North America,Hedge Funds,1338513.7,1254764.76,905531.83,916580.55,2024,-83748.94,-6.26,11048.72,1.22,432981.87,338184.21,-94797.66,32.35,26.95,-83748.94,-6.26,11048.72,1.22,338184.21,432981.87,-94797.66,26.95,UNFAVORABLE,WATCH,2026-03-01
Jun,6,North America,Private Equity,3426570.81,3766154.84,1479487.65,1343658.66,2024,339584.03,9.91,-135828.99,-9.18,1947083.16,2422496.18,475413.02,56.82,64.32,339584.03,9.91,-135828.99,-9.18,2422496.18,1947083.16,475413.02,64.32,FAVORABLE,OK,2026-03-01
Jun,6,Europe,Equity Funds,4481063.64,4490605.1,2458225.64,2655704.12,2024,9541.46,0.21,197478.48,8.03,2022838.0,1834900.98,-187937.02,45.14,40.86,9541.46,0.21,197478.48,8.03,1834900.98,2022838.0,-187937.02,40.86,ON TARGET,OK,2026-03-01
Jun,6,Europe,Fixed Income,4967441.82,4828654.69,2789216.98,2794733.53,2024,-138787.13,-2.79,5516.55,0.2,2178224.84,2033921.16,-144303.68,43.85,42.12,-138787.13,-2.79,5516.55,0.2,2033921.16,2178224.84,-144303.68,42.12,UNFAVORABLE,WATCH,2026-03-01
Jun,6,Europe,Real Estate,4292098.57,4590835.0,3132383.89,3458839.73,2024,298736.43,6.96,326455.84,10.42,1159714.68,1131995.27,-27719.41,27.02,24.66,298736.43,6.96,326455.84,10.42,1131995.27,1159714.68,-27719.41,24.66,FAVORABLE,OK,2026-03-01
Jun,6,Europe,Hedge Funds,2805133.38,2669514.73,2076998.88,2325691.58,2024,-135618.65,-4.83,248692.7,11.97,728134.5,343823.15,-384311.35,25.96,12.88,-135618.65,-4.83,248692.7,11.97,343823.15,728134.5,-384311.35,12.88,UNFAVORABLE,WATCH,2026-03-01
Jun,6,Europe,Private Equity,2878530.46,2771534.75,1427427.98,1442306.37,2024,-106995.71,-3.72,14878.39,1.04,1451102.48,1329228.38,-121874.1,50.41,47.96,-106995.71,-3.72,14878.39,1.04,1329228.38,1451102.48,-121874.1,47.96,UNFAVORABLE,WATCH,2026-03-01
Jun,6,Asia Pacific,Equity Funds,2543544.58,2664107.63,1503729.74,1407573.72,2024,120563.05,4.74,-96156.02,-6.39,1039814.84,1256533.91,216719.07,40.88,47.17,120563.05,4.74,-96156.02,-6.39,1256533.91,1039814.84,216719.07,47.17,FAVORABLE,OK,2026-03-01
Jun,6,Asia Pacific,Fixed Income,4255854.59,4465475.39,1995927.55,1941356.7,2024,209620.8,4.93,-54570.85,-2.73,2259927.04,2524118.69,264191.65,53.1,56.53,209620.8,4.93,-54570.85,-2.73,2524118.69,2259927.04,264191.65,56.53,FAVORABLE,OK,2026-03-01
Jun,6,Asia Pacific,Real Estate,3932479.43,3928070.63,2266422.54,2267668.79,2024,-4408.8,-0.11,1246.25,0.05,1666056.89,1660401.84,-5655.05,42.37,42.27,-4408.8,-0.11,1246.25,0.05,1660401.84,1666056.89,-5655.05,42.27,ON TARGET,OK,2026-03-01
Jun,6,Asia Pacific,Hedge Funds,3524133.72,3473645.18,2342999.91,2318779.71,2024,-50488.54,-1.43,-24220.2,-1.03,1181133.81,1154865.47,-26268.34,33.52,33.25,-50488.54,-1.43,-24220.2,-1.03,1154865.47,1181133.81,-26268.34,33.25,ON TARGET,OK,2026-03-01
Jun,6,Asia Pacific,Private Equity,3952958.57,3625047.58,2183602.84,2429495.89,2024,-327910.99,-8.3,245893.05,11.26,1769355.73,1195551.69,-573804.04,44.76,32.98,-327910.99,-8.3,245893.05,11.26,1195551.69,1769355.73,-573804.04,32.98,UNFAVORABLE,WATCH,2026-03-01
Jun,6,Latin America,Equity Funds,2288543.31,2481750.54,1564627.16,1699563.93,2024,193207.23,8.44,134936.77,8.62,723916.15,782186.61,58270.46,31.63,31.52,193207.23,8.44,134936.77,8.62,782186.61,723916.15,58270.46,31.52,FAVORABLE,OK,2026-03-01
Jun,6,Latin America,Fixed Income,2500850.59,2656544.63,1403091.89,1246809.6,2024,155694.04,6.23,-156282.29,-11.14,1097758.7,1409735.03,311976.33,43.9,53.07,155694.04,6.23,-156282.29,-11.14,1409735.03,1097758.7,311976.33,53.07,FAVORABLE,OK,2026-03-01
Jun,6,Latin America,Real Estate,1178908.03,1319648.69,729517.05,717956.51,2024,140740.66,11.94,-11560.54,-1.58,449390.98,601692.18,152301.2,38.12,45.59,140740.66,11.94,-11560.54,-1.58,601692.18,449390.98,152301.2,45.59,FAVORABLE,OK,2026-03-01
Jun,6,Latin America,Hedge Funds,1303883.21,1286258.43,806904.72,885030.67,2024,-17624.78,-1.35,78125.95,9.68,496978.49,401227.76,-95750.73,38.12,31.19,-17624.78,-1.35,78125.95,9.68,401227.76,496978.49,-95750.73,31.19,ON TARGET,OK,2026-03-01
Jun,6,Latin America,Private Equity,952118.21,923518.35,635637.31,640391.82,2024,-28599.86,-3.0,4754.51,0.75,316480.9,283126.53,-33354.37,33.24,30.66,-28599.86,-3.0,4754.51,0.75,283126.53,316480.9,-33354.37,30.66,UNFAVORABLE,WATCH,2026-03-01
Jun,6,Middle East,Equity Funds,2967212.21,2667382.55,2346981.78,2414411.71,2024,-299829.66,-10.1,67429.93,2.87,620230.43,252970.84,-367259.59,20.9,9.48,-299829.66,-10.1,67429.93,2.87,252970.84,620230.43,-367259.59,9.48,CRITICAL,CRITICAL,2026-03-01
Jun,6,Middle East,Fixed Income,1682187.74,1666502.99,1246722.15,1173512.64,2024,-15684.75,-0.93,-73209.51,-5.87,435465.59,492990.35,57524.76,25.89,29.58,-15684.75,-0.93,-73209.51,-5.87,492990.35,435465.59,57524.76,29.58,ON TARGET,OK,2026-03-01
Jun,6,Middle East,Real Estate,906829.8,945484.88,540698.33,533136.74,2024,38655.08,4.26,-7561.59,-1.4,366131.47,412348.14,46216.67,40.37,43.61,38655.08,4.26,-7561.59,-1.4,412348.14,366131.47,46216.67,43.61,FAVORABLE,OK,2026-03-01
Jun,6,Middle East,Hedge Funds,2313936.26,2271901.63,1339501.49,1450509.92,2024,-42034.63,-1.82,111008.43,8.29,974434.77,821391.71,-153043.06,42.11,36.15,-42034.63,-1.82,111008.43,8.29,821391.71,974434.77,-153043.06,36.15,ON TARGET,OK,2026-03-01
Jun,6,Middle East,Private Equity,1631214.68,1528332.94,938721.27,955575.88,2024,-102881.74,-6.31,16854.61,1.8,692493.41,572757.06,-119736.35,42.45,37.48,-102881.74,-6.31,16854.61,1.8,572757.06,692493.41,-119736.35,37.48,UNFAVORABLE,WATCH,2026-03-01
Jul,7,North America,Equity Funds,5444317.12,5651065.91,2555603.27,2596040.49,2024,206748.79,3.8,40437.22,1.58,2888713.85,3055025.42,166311.57,53.06,54.06,206748.79,3.8,40437.22,1.58,3055025.42,2888713.85,166311.57,54.06,FAVORABLE,OK,2026-03-01
Jul,7,North America,Fixed Income,3348422.16,3433932.69,2476733.2,2716969.56,2024,85510.53,2.55,240236.36,9.7,871688.96,716963.13,-154725.83,26.03,20.88,85510.53,2.55,240236.36,9.7,716963.13,871688.96,-154725.83,20.88,FAVORABLE,OK,2026-03-01
Jul,7,North America,Real Estate,2044884.59,1972407.81,1418431.86,1459586.07,2024,-72476.78,-3.54,41154.21,2.9,626452.73,512821.74,-113630.99,30.64,26.0,-72476.78,-3.54,41154.21,2.9,512821.74,626452.73,-113630.99,26.0,UNFAVORABLE,WATCH,2026-03-01
Jul,7,North America,Hedge Funds,3762705.35,4068240.44,2491978.19,2733243.77,2024,305535.09,8.12,241265.58,9.68,1270727.16,1334996.67,64269.51,33.77,32.82,305535.09,8.12,241265.58,9.68,1334996.67,1270727.16,64269.51,32.82,FAVORABLE,OK,2026-03-01
Jul,7,North America,Private Equity,3473033.63,3539360.63,1995956.09,1799617.9,2024,66327.0,1.91,-196338.19,-9.84,1477077.54,1739742.73,262665.19,42.53,49.15,66327.0,1.91,-196338.19,-9.84,1739742.73,1477077.54,262665.19,49.15,ON TARGET,OK,2026-03-01
Jul,7,Europe,Equity Funds,1907159.82,1738792.61,1385934.72,1542763.63,2024,-168367.21,-8.83,156828.91,11.32,521225.1,196028.98,-325196.12,27.33,11.27,-168367.21,-8.83,156828.91,11.32,196028.98,521225.1,-325196.12,11.27,UNFAVORABLE,WATCH,2026-03-01
Jul,7,Europe,Fixed Income,3229818.62,3041432.41,2336000.57,2325823.73,2024,-188386.21,-5.83,-10176.84,-0.44,893818.05,715608.68,-178209.37,27.67,23.53,-188386.21,-5.83,-10176.84,-0.44,715608.68,893818.05,-178209.37,23.53,UNFAVORABLE,WATCH,2026-03-01
Jul,7,Europe,Real Estate,4052183.71,3677926.98,3083336.54,2817496.45,2024,-374256.73,-9.24,-265840.09,-8.62,968847.17,860430.53,-108416.64,23.91,23.39,-374256.73,-9.24,-265840.09,-8.62,860430.53,968847.17,-108416.64,23.39,UNFAVORABLE,WATCH,2026-03-01
Jul,7,Europe,Hedge Funds,5077208.17,5662032.17,3762126.71,4037142.06,2024,584824.0,11.52,275015.35,7.31,1315081.46,1624890.11,309808.65,25.9,28.7,584824.0,11.52,275015.35,7.31,1624890.11,1315081.46,309808.65,28.7,FAVORABLE,OK,2026-03-01
Jul,7,Europe,Private Equity,2109133.19,2127645.8,1590967.23,1656958.66,2024,18512.61,0.88,65991.43,4.15,518165.96,470687.14,-47478.82,24.57,22.12,18512.61,0.88,65991.43,4.15,470687.14,518165.96,-47478.82,22.12,ON TARGET,OK,2026-03-01
Jul,7,Asia Pacific,Equity Funds,3857508.53,4265131.66,2088712.84,1955280.13,2024,407623.13,10.57,-133432.71,-6.39,1768795.69,2309851.53,541055.84,45.85,54.16,407623.13,10.57,-133432.71,-6.39,2309851.53,1768795.69,541055.84,54.16,FAVORABLE,OK,2026-03-01
Jul,7,Asia Pacific,Fixed Income,916219.54,1007531.28,611316.78,547233.72,2024,91311.74,9.97,-64083.06,-10.48,304902.76,460297.56,155394.8,33.28,45.69,91311.74,9.97,-64083.06,-10.48,460297.56,304902.76,155394.8,45.69,FAVORABLE,OK,2026-03-01
Jul,7,Asia Pacific,Real Estate,4091650.89,4001597.77,2857486.97,3163531.73,2024,-90053.12,-2.2,306044.76,10.71,1234163.92,838066.04,-396097.88,30.16,20.94,-90053.12,-2.2,306044.76,10.71,838066.04,1234163.92,-396097.88,20.94,UNFAVORABLE,WATCH,2026-03-01
Jul,7,Asia Pacific,Hedge Funds,1910897.56,2088500.65,1151869.99,1139054.86,2024,177603.09,9.29,-12815.13,-1.11,759027.57,949445.79,190418.22,39.72,45.46,177603.09,9.29,-12815.13,-1.11,949445.79,759027.57,190418.22,45.46,FAVORABLE,OK,2026-03-01
Jul,7,Asia Pacific,Private Equity,3938574.33,3862128.26,2551293.59,2339754.35,2024,-76446.07,-1.94,-211539.24,-8.29,1387280.74,1522373.91,135093.17,35.22,39.42,-76446.07,-1.94,-211539.24,-8.29,1522373.91,1387280.74,135093.17,39.42,ON TARGET,OK,2026-03-01
Jul,7,Latin America,Equity Funds,2537097.95,2481149.39,1329801.59,1180666.88,2024,-55948.56,-2.21,-149134.71,-11.21,1207296.36,1300482.51,93186.15,47.59,52.41,-55948.56,-2.21,-149134.71,-11.21,1300482.51,1207296.36,93186.15,52.41,UNFAVORABLE,WATCH,2026-03-01
Jul,7,Latin America,Fixed Income,2568547.77,2787665.56,1263640.33,1319952.27,2024,219117.79,8.53,56311.94,4.46,1304907.44,1467713.29,162805.85,50.8,52.65,219117.79,8.53,56311.94,4.46,1467713.29,1304907.44,162805.85,52.65,FAVORABLE,OK,2026-03-01
Jul,7,Latin America,Real Estate,2999508.73,2926181.28,2152199.15,1957034.14,2024,-73327.45,-2.44,-195165.01,-9.07,847309.58,969147.14,121837.56,28.25,33.12,-73327.45,-2.44,-195165.01,-9.07,969147.14,847309.58,121837.56,33.12,UNFAVORABLE,WATCH,2026-03-01
Jul,7,Latin America,Hedge Funds,4503730.35,4656898.04,2607486.12,2307953.21,2024,153167.69,3.4,-299532.91,-11.49,1896244.23,2348944.83,452700.6,42.1,50.44,153167.69,3.4,-299532.91,-11.49,2348944.83,1896244.23,452700.6,50.44,FAVORABLE,OK,2026-03-01
Jul,7,Latin America,Private Equity,3797455.41,3856311.09,1961727.45,2086567.41,2024,58855.68,1.55,124839.96,6.36,1835727.96,1769743.68,-65984.28,48.34,45.89,58855.68,1.55,124839.96,6.36,1769743.68,1835727.96,-65984.28,45.89,ON TARGET,OK,2026-03-01
Jul,7,Middle East,Equity Funds,1793543.73,1719747.1,799121.85,875939.39,2024,-73796.63,-4.11,76817.54,9.61,994421.88,843807.71,-150614.17,55.44,49.07,-73796.63,-4.11,76817.54,9.61,843807.71,994421.88,-150614.17,49.07,UNFAVORABLE,WATCH,2026-03-01
Jul,7,Middle East,Fixed Income,754213.09,687237.54,545796.55,503158.55,2024,-66975.55,-8.88,-42638.0,-7.81,208416.54,184078.99,-24337.55,27.63,26.79,-66975.55,-8.88,-42638.0,-7.81,184078.99,208416.54,-24337.55,26.79,UNFAVORABLE,WATCH,2026-03-01
Jul,7,Middle East,Real Estate,3229427.31,3454183.56,1551255.01,1485644.91,2024,224756.25,6.96,-65610.1,-4.23,1678172.3,1968538.65,290366.35,51.97,56.99,224756.25,6.96,-65610.1,-4.23,1968538.65,1678172.3,290366.35,56.99,FAVORABLE,OK,2026-03-01
Jul,7,Middle East,Hedge Funds,1605888.44,1615942.15,748457.08,744190.15,2024,10053.71,0.63,-4266.93,-0.57,857431.36,871752.0,14320.64,53.39,53.95,10053.71,0.63,-4266.93,-0.57,871752.0,857431.36,14320.64,53.95,ON TARGET,OK,2026-03-01
Jul,7,Middle East,Private Equity,3749623.59,3753078.06,2675612.86,2382386.05,2024,3454.47,0.09,-293226.81,-10.96,1074010.73,1370692.01,296681.28,28.64,36.52,3454.47,0.09,-293226.81,-10.96,1370692.01,1074010.73,296681.28,36.52,ON TARGET,OK,2026-03-01
Aug,8,North America,Equity Funds,4107098.56,4065740.92,3173471.91,2838981.93,2024,-41357.64,-1.01,-334489.98,-10.54,933626.65,1226758.99,293132.34,22.73,30.17,-41357.64,-1.01,-334489.98,-10.54,1226758.99,933626.65,293132.34,30.17,ON TARGET,OK,2026-03-01
Aug,8,North America,Fixed Income,2916374.99,2909563.87,1735482.74,1557834.86,2024,-6811.12,-0.23,-177647.88,-10.24,1180892.25,1351729.01,170836.76,40.49,46.46,-6811.12,-0.23,-177647.88,-10.24,1351729.01,1180892.25,170836.76,46.46,ON TARGET,OK,2026-03-01
Aug,8,North America,Real Estate,1040354.62,984179.47,739786.85,748372.48,2024,-56175.15,-5.4,8585.63,1.16,300567.77,235806.99,-64760.78,28.89,23.96,-56175.15,-5.4,8585.63,1.16,235806.99,300567.77,-64760.78,23.96,UNFAVORABLE,WATCH,2026-03-01
Aug,8,North America,Hedge Funds,2179014.73,2154809.58,1655019.69,1495811.48,2024,-24205.15,-1.11,-159208.21,-9.62,523995.04,658998.1,135003.06,24.05,30.58,-24205.15,-1.11,-159208.21,-9.62,658998.1,523995.04,135003.06,30.58,ON TARGET,OK,2026-03-01
Aug,8,North America,Private Equity,3860584.8,4109789.62,2761937.68,2573036.43,2024,249204.82,6.46,-188901.25,-6.84,1098647.12,1536753.19,438106.07,28.46,37.39,249204.82,6.46,-188901.25,-6.84,1536753.19,1098647.12,438106.07,37.39,FAVORABLE,OK,2026-03-01
Aug,8,Europe,Equity Funds,2609665.48,2580540.93,1374786.76,1241185.81,2024,-29124.55,-1.12,-133600.95,-9.72,1234878.72,1339355.12,104476.4,47.32,51.9,-29124.55,-1.12,-133600.95,-9.72,1339355.12,1234878.72,104476.4,51.9,ON TARGET,OK,2026-03-01
Aug,8,Europe,Fixed Income,2527236.2,2316548.96,1826302.38,1636571.47,2024,-210687.24,-8.34,-189730.91,-10.39,700933.82,679977.49,-20956.33,27.74,29.35,-210687.24,-8.34,-189730.91,-10.39,679977.49,700933.82,-20956.33,29.35,UNFAVORABLE,WATCH,2026-03-01
Aug,8,Europe,Real Estate,3947016.5,4173224.12,2180090.64,2209585.04,2024,226207.62,5.73,29494.4,1.35,1766925.86,1963639.08,196713.22,44.77,47.05,226207.62,5.73,29494.4,1.35,1963639.08,1766925.86,196713.22,47.05,FAVORABLE,OK,2026-03-01
Aug,8,Europe,Hedge Funds,3151975.09,2866202.87,1959088.64,2036828.66,2024,-285772.22,-9.07,77740.02,3.97,1192886.45,829374.21,-363512.24,37.85,28.94,-285772.22,-9.07,77740.02,3.97,829374.21,1192886.45,-363512.24,28.94,UNFAVORABLE,WATCH,2026-03-01
Aug,8,Europe,Private Equity,4125884.57,4589698.65,2863408.32,2761456.91,2024,463814.08,11.24,-101951.41,-3.56,1262476.25,1828241.74,565765.49,30.6,39.83,463814.08,11.24,-101951.41,-3.56,1828241.74,1262476.25,565765.49,39.83,FAVORABLE,OK,2026-03-01
Aug,8,Asia Pacific,Equity Funds,3328423.47,3108144.31,1528301.7,1654982.05,2024,-220279.16,-6.62,126680.35,8.29,1800121.77,1453162.26,-346959.51,54.08,46.75,-220279.16,-6.62,126680.35,8.29,1453162.26,1800121.77,-346959.51,46.75,UNFAVORABLE,WATCH,2026-03-01
Aug,8,Asia Pacific,Fixed Income,2378490.88,2553864.46,1700720.33,1894417.38,2024,175373.58,7.37,193697.05,11.39,677770.55,659447.08,-18323.47,28.5,25.82,175373.58,7.37,193697.05,11.39,659447.08,677770.55,-18323.47,25.82,FAVORABLE,OK,2026-03-01
Aug,8,Asia Pacific,Real Estate,4358327.29,3862789.48,2917385.84,3148065.26,2024,-495537.81,-11.37,230679.42,7.91,1440941.45,714724.22,-726217.23,33.06,18.5,-495537.81,-11.37,230679.42,7.91,714724.22,1440941.45,-726217.23,18.5,CRITICAL,CRITICAL,2026-03-01
Aug,8,Asia Pacific,Hedge Funds,2001249.76,1909505.12,938513.06,827266.78,2024,-91744.64,-4.58,-111246.28,-11.85,1062736.7,1082238.34,19501.64,53.1,56.68,-91744.64,-4.58,-111246.28,-11.85,1082238.34,1062736.7,19501.64,56.68,UNFAVORABLE,WATCH,2026-03-01
Aug,8,Asia Pacific,Private Equity,4365053.5,3989876.79,2834189.35,2514939.75,2024,-375176.71,-8.6,-319249.6,-11.26,1530864.15,1474937.04,-55927.11,35.07,36.97,-375176.71,-8.6,-319249.6,-11.26,1474937.04,1530864.15,-55927.11,36.97,UNFAVORABLE,WATCH,2026-03-01
Aug,8,Latin America,Equity Funds,3870598.91,3722800.23,1971426.44,2076272.88,2024,-147798.68,-3.82,104846.44,5.32,1899172.47,1646527.35,-252645.12,49.07,44.23,-147798.68,-3.82,104846.44,5.32,1646527.35,1899172.47,-252645.12,44.23,UNFAVORABLE,WATCH,2026-03-01
Aug,8,Latin America,Fixed Income,3725469.8,3325451.65,2347343.59,2413729.2,2024,-400018.15,-10.74,66385.61,2.83,1378126.21,911722.45,-466403.76,36.99,27.42,-400018.15,-10.74,66385.61,2.83,911722.45,1378126.21,-466403.76,27.42,CRITICAL,CRITICAL,2026-03-01
Aug,8,Latin America,Real Estate,3748257.73,3735359.26,1907802.46,1803941.78,2024,-12898.47,-0.34,-103860.68,-5.44,1840455.27,1931417.48,90962.21,49.1,51.71,-12898.47,-0.34,-103860.68,-5.44,1931417.48,1840455.27,90962.21,51.71,ON TARGET,OK,2026-03-01
Aug,8,Latin America,Hedge Funds,3915101.96,3711435.04,1991050.48,1984662.91,2024,-203666.92,-5.2,-6387.57,-0.32,1924051.48,1726772.13,-197279.35,49.14,46.53,-203666.92,-5.2,-6387.57,-0.32,1726772.13,1924051.48,-197279.35,46.53,UNFAVORABLE,WATCH,2026-03-01
Aug,8,Latin America,Private Equity,3526505.4,3610570.2,1505529.58,1433777.01,2024,84064.8,2.38,-71752.57,-4.77,2020975.82,2176793.19,155817.37,57.31,60.29,84064.8,2.38,-71752.57,-4.77,2176793.19,2020975.82,155817.37,60.29,FAVORABLE,OK,2026-03-01
Aug,8,Middle East,Equity Funds,1604686.06,1538491.74,747106.0,791396.98,2024,-66194.32,-4.13,44290.98,5.93,857580.06,747094.76,-110485.3,53.44,48.56,-66194.32,-4.13,44290.98,5.93,747094.76,857580.06,-110485.3,48.56,UNFAVORABLE,WATCH,2026-03-01
Aug,8,Middle East,Fixed Income,1600564.12,1600664.9,925317.28,993317.04,2024,100.78,0.01,67999.76,7.35,675246.84,607347.86,-67898.98,42.19,37.94,100.78,0.01,67999.76,7.35,607347.86,675246.84,-67898.98,37.94,ON TARGET,OK,2026-03-01
Aug,8,Middle East,Real Estate,1001774.86,886067.83,847118.84,920738.89,2024,-115707.03,-11.55,73620.05,8.69,154656.02,-34671.06,-189327.08,15.44,-3.91,-115707.03,-11.55,73620.05,8.69,-34671.06,154656.02,-189327.08,-3.91,CRITICAL,CRITICAL,2026-03-01
Aug,8,Middle East,Hedge Funds,3353029.9,3286795.99,1847709.85,1635233.52,2024,-66233.91,-1.98,-212476.33,-11.5,1505320.05,1651562.47,146242.42,44.89,50.25,-66233.91,-1.98,-212476.33,-11.5,1651562.47,1505320.05,146242.42,50.25,ON TARGET,OK,2026-03-01
Aug,8,Middle East,Private Equity,2215151.59,2391668.65,1619466.81,1459384.41,2024,176517.06,7.97,-160082.4,-9.88,595684.78,932284.24,336599.46,26.89,38.98,176517.06,7.97,-160082.4,-9.88,932284.24,595684.78,336599.46,38.98,FAVORABLE,OK,2026-03-01
Sep,9,North America,Equity Funds,4424096.06,4449539.08,2225980.14,2124622.13,2024,25443.02,0.58,-101358.01,-4.55,2198115.92,2324916.95,126801.03,49.69,52.25,25443.02,0.58,-101358.01,-4.55,2324916.95,2198115.92,126801.03,52.25,ON TARGET,OK,2026-03-01
Sep,9,North America,Fixed Income,2078211.4,2083440.16,1129605.0,1132303.06,2024,5228.76,0.25,2698.06,0.24,948606.4,951137.1,2530.7,45.65,45.65,5228.76,0.25,2698.06,0.24,951137.1,948606.4,2530.7,45.65,ON TARGET,OK,2026-03-01
Sep,9,North America,Real Estate,4814285.97,5182808.32,2715816.85,2543917.93,2024,368522.35,7.65,-171898.92,-6.33,2098469.12,2638890.39,540421.27,43.59,50.92,368522.35,7.65,-171898.92,-6.33,2638890.39,2098469.12,540421.27,50.92,FAVORABLE,OK,2026-03-01
Sep,9,North America,Hedge Funds,1444045.98,1534229.06,742934.98,685368.72,2024,90183.08,6.25,-57566.26,-7.75,701111.0,848860.34,147749.34,48.55,55.33,90183.08,6.25,-57566.26,-7.75,848860.34,701111.0,147749.34,55.33,FAVORABLE,OK,2026-03-01
Sep,9,North America,Private Equity,4251857.6,4517048.15,2395702.18,2639577.53,2024,265190.55,6.24,243875.35,10.18,1856155.42,1877470.62,21315.2,43.66,41.56,265190.55,6.24,243875.35,10.18,1877470.62,1856155.42,21315.2,41.56,FAVORABLE,OK,2026-03-01
Sep,9,Europe,Equity Funds,3249833.85,3533931.89,2082904.51,1908419.13,2024,284098.04,8.74,-174485.38,-8.38,1166929.34,1625512.76,458583.42,35.91,46.0,284098.04,8.74,-174485.38,-8.38,1625512.76,1166929.34,458583.42,46.0,FAVORABLE,OK,2026-03-01
Sep,9,Europe,Fixed Income,1043943.25,987488.55,577029.04,578045.1,2024,-56454.7,-5.41,1016.06,0.18,466914.21,409443.45,-57470.76,44.73,41.46,-56454.7,-5.41,1016.06,0.18,409443.45,466914.21,-57470.76,41.46,UNFAVORABLE,WATCH,2026-03-01
Sep,9,Europe,Real Estate,1917277.74,2069906.84,1127596.64,1226171.15,2024,152629.1,7.96,98574.51,8.74,789681.1,843735.69,54054.59,41.19,40.76,152629.1,7.96,98574.51,8.74,843735.69,789681.1,54054.59,40.76,FAVORABLE,OK,2026-03-01
Sep,9,Europe,Hedge Funds,4398440.86,4359078.32,2817157.03,3014460.2,2024,-39362.54,-0.89,197303.17,7.0,1581283.83,1344618.12,-236665.71,35.95,30.85,-39362.54,-0.89,197303.17,7.0,1344618.12,1581283.83,-236665.71,30.85,ON TARGET,OK,2026-03-01
Sep,9,Europe,Private Equity,4845400.74,5021971.94,2573542.66,2558489.92,2024,176571.2,3.64,-15052.74,-0.58,2271858.08,2463482.02,191623.94,46.89,49.05,176571.2,3.64,-15052.74,-0.58,2463482.02,2271858.08,191623.94,49.05,FAVORABLE,OK,2026-03-01
Sep,9,Asia Pacific,Equity Funds,1319931.27,1446368.07,650704.61,684174.08,2024,126436.8,9.58,33469.47,5.14,669226.66,762193.99,92967.33,50.7,52.7,126436.8,9.58,33469.47,5.14,762193.99,669226.66,92967.33,52.7,FAVORABLE,OK,2026-03-01
Sep,9,Asia Pacific,Fixed Income,2771833.25,2730427.57,1446966.99,1454866.75,2024,-41405.68,-1.49,7899.76,0.55,1324866.26,1275560.82,-49305.44,47.8,46.72,-41405.68,-1.49,7899.76,0.55,1275560.82,1324866.26,-49305.44,46.72,ON TARGET,OK,2026-03-01
Sep,9,Asia Pacific,Real Estate,1403046.6,1372326.41,797452.65,816186.89,2024,-30720.19,-2.19,18734.24,2.35,605593.95,556139.52,-49454.43,43.16,40.53,-30720.19,-2.19,18734.24,2.35,556139.52,605593.95,-49454.43,40.53,UNFAVORABLE,WATCH,2026-03-01
Sep,9,Asia Pacific,Hedge Funds,3757520.0,3391843.52,2745255.07,2603037.88,2024,-365676.48,-9.73,-142217.19,-5.18,1012264.93,788805.64,-223459.29,26.94,23.26,-365676.48,-9.73,-142217.19,-5.18,788805.64,1012264.93,-223459.29,23.26,UNFAVORABLE,WATCH,2026-03-01
Sep,9,Asia Pacific,Private Equity,4151726.65,4523667.88,2401364.74,2449049.8,2024,371941.23,8.96,47685.06,1.99,1750361.91,2074618.08,324256.17,42.16,45.86,371941.23,8.96,47685.06,1.99,2074618.08,1750361.91,324256.17,45.86,FAVORABLE,OK,2026-03-01
Sep,9,Latin America,Equity Funds,1524392.91,1597007.66,756878.46,774142.78,2024,72614.75,4.76,17264.32,2.28,767514.45,822864.88,55350.43,50.35,51.53,72614.75,4.76,17264.32,2.28,822864.88,767514.45,55350.43,51.53,FAVORABLE,OK,2026-03-01
Sep,9,Latin America,Fixed Income,4622710.86,4946295.4,2734179.03,2845809.92,2024,323584.54,7.0,111630.89,4.08,1888531.83,2100485.48,211953.65,40.85,42.47,323584.54,7.0,111630.89,4.08,2100485.48,1888531.83,211953.65,42.47,FAVORABLE,OK,2026-03-01
Sep,9,Latin America,Real Estate,4440402.81,4468530.1,2959664.01,2905258.07,2024,28127.29,0.63,-54405.94,-1.84,1480738.8,1563272.03,82533.23,33.35,34.98,28127.29,0.63,-54405.94,-1.84,1563272.03,1480738.8,82533.23,34.98,ON TARGET,OK,2026-03-01
Sep,9,Latin America,Hedge Funds,2171340.59,2022400.17,1412240.51,1407587.21,2024,-148940.42,-6.86,-4653.3,-0.33,759100.08,614812.96,-144287.12,34.96,30.4,-148940.42,-6.86,-4653.3,-0.33,614812.96,759100.08,-144287.12,30.4,UNFAVORABLE,WATCH,2026-03-01
Sep,9,Latin America,Private Equity,1603363.35,1735901.88,791809.65,843285.14,2024,132538.53,8.27,51475.49,6.5,811553.7,892616.74,81063.04,50.62,51.42,132538.53,8.27,51475.49,6.5,892616.74,811553.7,81063.04,51.42,FAVORABLE,OK,2026-03-01
Sep,9,Middle East,Equity Funds,3909272.43,3756120.62,3244377.91,2957093.99,2024,-153151.81,-3.92,-287283.92,-8.85,664894.52,799026.63,134132.11,17.01,21.27,-153151.81,-3.92,-287283.92,-8.85,799026.63,664894.52,134132.11,21.27,UNFAVORABLE,WATCH,2026-03-01
Sep,9,Middle East,Fixed Income,2540091.05,2705358.2,1261379.19,1160127.53,2024,165267.15,6.51,-101251.66,-8.03,1278711.86,1545230.67,266518.81,50.34,57.12,165267.15,6.51,-101251.66,-8.03,1545230.67,1278711.86,266518.81,57.12,FAVORABLE,OK,2026-03-01
Sep,9,Middle East,Real Estate,2731285.43,2559234.25,1495505.78,1418311.82,2024,-172051.18,-6.3,-77193.96,-5.16,1235779.65,1140922.43,-94857.22,45.25,44.58,-172051.18,-6.3,-77193.96,-5.16,1140922.43,1235779.65,-94857.22,44.58,UNFAVORABLE,WATCH,2026-03-01
Sep,9,Middle East,Hedge Funds,3970680.37,3789110.27,2448216.12,2430010.56,2024,-181570.1,-4.57,-18205.56,-0.74,1522464.25,1359099.71,-163364.54,38.34,35.87,-181570.1,-4.57,-18205.56,-0.74,1359099.71,1522464.25,-163364.54,35.87,UNFAVORABLE,WATCH,2026-03-01
Sep,9,Middle East,Private Equity,4692676.77,5238273.42,2395205.53,2269757.16,2024,545596.65,11.63,-125448.37,-5.24,2297471.24,2968516.26,671045.02,48.96,56.67,545596.65,11.63,-125448.37,-5.24,2968516.26,2297471.24,671045.02,56.67,FAVORABLE,OK,2026-03-01
Oct,10,North America,Equity Funds,2628033.29,2827905.46,1550216.93,1415682.36,2024,199872.17,7.61,-134534.57,-8.68,1077816.36,1412223.1,334406.74,41.01,49.94,199872.17,7.61,-134534.57,-8.68,1412223.1,1077816.36,334406.74,49.94,FAVORABLE,OK,2026-03-01
Oct,10,North America,Fixed Income,1988437.77,2014465.98,1093909.5,1184719.46,2024,26028.21,1.31,90809.96,8.3,894528.27,829746.52,-64781.75,44.99,41.19,26028.21,1.31,90809.96,8.3,829746.52,894528.27,-64781.75,41.19,ON TARGET,OK,2026-03-01
Oct,10,North America,Real Estate,4605119.23,4354001.67,2532753.8,2318390.83,2024,-251117.56,-5.45,-214362.97,-8.46,2072365.43,2035610.84,-36754.59,45.0,46.75,-251117.56,-5.45,-214362.97,-8.46,2035610.84,2072365.43,-36754.59,46.75,UNFAVORABLE,WATCH,2026-03-01
Oct,10,North America,Hedge Funds,2490766.21,2461551.31,1877410.09,1664137.89,2024,-29214.9,-1.17,-213272.2,-11.36,613356.12,797413.42,184057.3,24.63,32.39,-29214.9,-1.17,-213272.2,-11.36,797413.42,613356.12,184057.3,32.39,ON TARGET,OK,2026-03-01
Oct,10,North America,Private Equity,969583.24,1084659.28,599442.42,531564.56,2024,115076.04,11.87,-67877.86,-11.32,370140.82,553094.72,182953.9,38.18,50.99,115076.04,11.87,-67877.86,-11.32,553094.72,370140.82,182953.9,50.99,FAVORABLE,OK,2026-03-01
Oct,10,Europe,Equity Funds,4850715.83,5189932.95,3065345.11,2908555.94,2024,339217.12,6.99,-156789.17,-5.11,1785370.72,2281377.01,496006.29,36.81,43.96,339217.12,6.99,-156789.17,-5.11,2281377.01,1785370.72,496006.29,43.96,FAVORABLE,OK,2026-03-01
Oct,10,Europe,Fixed Income,3975444.08,4171547.5,2794029.53,2462267.27,2024,196103.42,4.93,-331762.26,-11.87,1181414.55,1709280.23,527865.68,29.72,40.97,196103.42,4.93,-331762.26,-11.87,1709280.23,1181414.55,527865.68,40.97,FAVORABLE,OK,2026-03-01
Oct,10,Europe,Real Estate,1208634.01,1222790.76,623824.39,627982.28,2024,14156.75,1.17,4157.89,0.67,584809.62,594808.48,9998.86,48.39,48.64,14156.75,1.17,4157.89,0.67,594808.48,584809.62,9998.86,48.64,ON TARGET,OK,2026-03-01
Oct,10,Europe,Hedge Funds,1216597.13,1084547.52,668751.16,715922.05,2024,-132049.61,-10.85,47170.89,7.05,547845.97,368625.47,-179220.5,45.03,33.99,-132049.61,-10.85,47170.89,7.05,368625.47,547845.97,-179220.5,33.99,CRITICAL,CRITICAL,2026-03-01
Oct,10,Europe,Private Equity,2940267.14,3008532.41,1187281.15,1191662.43,2024,68265.27,2.32,4381.28,0.37,1752985.99,1816869.98,63883.99,59.62,60.39,68265.27,2.32,4381.28,0.37,1816869.98,1752985.99,63883.99,60.39,FAVORABLE,OK,2026-03-01
Oct,10,Asia Pacific,Equity Funds,1790437.75,1839772.01,849025.36,832024.67,2024,49334.26,2.76,-17000.69,-2.0,941412.39,1007747.34,66334.95,52.58,54.78,49334.26,2.76,-17000.69,-2.0,1007747.34,941412.39,66334.95,54.78,FAVORABLE,OK,2026-03-01
Oct,10,Asia Pacific,Fixed Income,3931195.52,3523306.61,1716778.49,1719797.7,2024,-407888.91,-10.38,3019.21,0.18,2214417.03,1803508.91,-410908.12,56.33,51.19,-407888.91,-10.38,3019.21,0.18,1803508.91,2214417.03,-410908.12,51.19,CRITICAL,CRITICAL,2026-03-01
Oct,10,Asia Pacific,Real Estate,4842519.7,4807810.55,3133814.17,3495611.33,2024,-34709.15,-0.72,361797.16,11.54,1708705.53,1312199.22,-396506.31,35.29,27.29,-34709.15,-0.72,361797.16,11.54,1312199.22,1708705.53,-396506.31,27.29,ON TARGET,OK,2026-03-01
Oct,10,Asia Pacific,Hedge Funds,1972968.17,1899480.23,888017.67,915352.34,2024,-73487.94,-3.72,27334.67,3.08,1084950.5,984127.89,-100822.61,54.99,51.81,-73487.94,-3.72,27334.67,3.08,984127.89,1084950.5,-100822.61,51.81,UNFAVORABLE,WATCH,2026-03-01
Oct,10,Asia Pacific,Private Equity,3904970.56,3477925.19,2734184.23,2939910.07,2024,-427045.37,-10.94,205725.84,7.52,1170786.33,538015.12,-632771.21,29.98,15.47,-427045.37,-10.94,205725.84,7.52,538015.12,1170786.33,-632771.21,15.47,CRITICAL,CRITICAL,2026-03-01
Oct,10,Latin America,Equity Funds,1524510.92,1596000.45,1077460.4,1158010.74,2024,71489.53,4.69,80550.34,7.48,447050.52,437989.71,-9060.81,29.32,27.44,71489.53,4.69,80550.34,7.48,437989.71,447050.52,-9060.81,27.44,FAVORABLE,OK,2026-03-01
Oct,10,Latin America,Fixed Income,1056007.82,1003657.52,660903.92,613234.74,2024,-52350.3,-4.96,-47669.18,-7.21,395103.9,390422.78,-4681.12,37.41,38.9,-52350.3,-4.96,-47669.18,-7.21,390422.78,395103.9,-4681.12,38.9,UNFAVORABLE,WATCH,2026-03-01
Oct,10,Latin America,Real Estate,979007.85,1093933.04,718626.47,676080.41,2024,114925.19,11.74,-42546.06,-5.92,260381.38,417852.63,157471.25,26.6,38.2,114925.19,11.74,-42546.06,-5.92,417852.63,260381.38,157471.25,38.2,FAVORABLE,OK,2026-03-01
Oct,10,Latin America,Hedge Funds,3850436.08,4109963.08,2158091.68,2071038.42,2024,259527.0,6.74,-87053.26,-4.03,1692344.4,2038924.66,346580.26,43.95,49.61,259527.0,6.74,-87053.26,-4.03,2038924.66,1692344.4,346580.26,49.61,FAVORABLE,OK,2026-03-01
Oct,10,Latin America,Private Equity,1425837.2,1509097.32,799811.06,778052.0,2024,83260.12,5.84,-21759.06,-2.72,626026.14,731045.32,105019.18,43.91,48.44,83260.12,5.84,-21759.06,-2.72,731045.32,626026.14,105019.18,48.44,FAVORABLE,OK,2026-03-01
Oct,10,Middle East,Equity Funds,4887217.11,5384904.48,2939502.74,3151956.89,2024,497687.37,10.18,212454.15,7.23,1947714.37,2232947.59,285233.22,39.85,41.47,497687.37,10.18,212454.15,7.23,2232947.59,1947714.37,285233.22,41.47,FAVORABLE,OK,2026-03-01
Oct,10,Middle East,Fixed Income,3932707.27,4236949.0,1842035.08,1762994.72,2024,304241.73,7.74,-79040.36,-4.29,2090672.19,2473954.28,383282.09,53.16,58.39,304241.73,7.74,-79040.36,-4.29,2473954.28,2090672.19,383282.09,58.39,FAVORABLE,OK,2026-03-01
Oct,10,Middle East,Real Estate,1092314.08,1119216.89,725743.89,758796.85,2024,26902.81,2.46,33052.96,4.55,366570.19,360420.04,-6150.15,33.56,32.2,26902.81,2.46,33052.96,4.55,360420.04,366570.19,-6150.15,32.2,FAVORABLE,OK,2026-03-01
Oct,10,Middle East,Hedge Funds,2444975.06,2358457.75,1158295.63,1095624.06,2024,-86517.31,-3.54,-62671.57,-5.41,1286679.43,1262833.69,-23845.74,52.63,53.54,-86517.31,-3.54,-62671.57,-5.41,1262833.69,1286679.43,-23845.74,53.54,UNFAVORABLE,WATCH,2026-03-01
Oct,10,Middle East,Private Equity,4498285.31,4646742.26,3511557.22,3765313.0,2024,148456.95,3.3,253755.78,7.23,986728.09,881429.26,-105298.83,21.94,18.97,148456.95,3.3,253755.78,7.23,881429.26,986728.09,-105298.83,18.97,FAVORABLE,OK,2026-03-01
Nov,11,North America,Equity Funds,3392501.76,3480087.66,2839653.59,2522611.24,2024,87585.9,2.58,-317042.35,-11.16,552848.17,957476.42,404628.25,16.3,27.51,87585.9,2.58,-317042.35,-11.16,957476.42,552848.17,404628.25,27.51,FAVORABLE,OK,2026-03-01
Nov,11,North America,Fixed Income,1053443.44,1023825.94,749816.33,768728.77,2024,-29617.5,-2.81,18912.44,2.52,303627.11,255097.17,-48529.94,28.82,24.92,-29617.5,-2.81,18912.44,2.52,255097.17,303627.11,-48529.94,24.92,UNFAVORABLE,WATCH,2026-03-01
Nov,11,North America,Real Estate,3558577.66,3783267.23,2722641.67,2741891.76,2024,224689.57,6.31,19250.09,0.71,835935.99,1041375.47,205439.48,23.49,27.53,224689.57,6.31,19250.09,0.71,1041375.47,835935.99,205439.48,27.53,FAVORABLE,OK,2026-03-01
Nov,11,North America,Hedge Funds,2347963.86,2130137.77,1669079.22,1668696.25,2024,-217826.09,-9.28,-382.97,-0.02,678884.64,461441.52,-217443.12,28.91,21.66,-217826.09,-9.28,-382.97,-0.02,461441.52,678884.64,-217443.12,21.66,UNFAVORABLE,WATCH,2026-03-01
Nov,11,North America,Private Equity,2309792.15,2176908.76,1483962.57,1660743.51,2024,-132883.39,-5.75,176780.94,11.91,825829.58,516165.25,-309664.33,35.75,23.71,-132883.39,-5.75,176780.94,11.91,516165.25,825829.58,-309664.33,23.71,UNFAVORABLE,WATCH,2026-03-01
Nov,11,Europe,Equity Funds,1995903.98,1815140.91,1551751.12,1533890.84,2024,-180763.07,-9.06,-17860.28,-1.15,444152.86,281250.07,-162902.79,22.25,15.49,-180763.07,-9.06,-17860.28,-1.15,281250.07,444152.86,-162902.79,15.49,UNFAVORABLE,WATCH,2026-03-01
Nov,11,Europe,Fixed Income,4197325.64,4380593.56,2853808.38,2730241.52,2024,183267.92,4.37,-123566.86,-4.33,1343517.26,1650352.04,306834.78,32.01,37.67,183267.92,4.37,-123566.86,-4.33,1650352.04,1343517.26,306834.78,37.67,FAVORABLE,OK,2026-03-01
Nov,11,Europe,Real Estate,2278240.83,2492212.31,1135180.84,1192886.83,2024,213971.48,9.39,57705.99,5.08,1143059.99,1299325.48,156265.49,50.17,52.14,213971.48,9.39,57705.99,5.08,1299325.48,1143059.99,156265.49,52.14,FAVORABLE,OK,2026-03-01
Nov,11,Europe,Hedge Funds,4970529.68,4980974.65,2782798.05,2583091.35,2024,10444.97,0.21,-199706.7,-7.18,2187731.63,2397883.3,210151.67,44.01,48.14,10444.97,0.21,-199706.7,-7.18,2397883.3,2187731.63,210151.67,48.14,ON TARGET,OK,2026-03-01
Nov,11,Europe,Private Equity,1252226.23,1268461.52,925550.94,993004.0,2024,16235.29,1.3,67453.06,7.29,326675.29,275457.52,-51217.77,26.09,21.72,16235.29,1.3,67453.06,7.29,275457.52,326675.29,-51217.77,21.72,ON TARGET,OK,2026-03-01
Nov,11,Asia Pacific,Equity Funds,2858970.71,2728114.97,2172153.5,2286253.94,2024,-130855.74,-4.58,114100.44,5.25,686817.21,441861.03,-244956.18,24.02,16.2,-130855.74,-4.58,114100.44,5.25,441861.03,686817.21,-244956.18,16.2,UNFAVORABLE,WATCH,2026-03-01
Nov,11,Asia Pacific,Fixed Income,3202437.67,2874828.84,2241093.63,2317652.22,2024,-327608.83,-10.23,76558.59,3.42,961344.04,557176.62,-404167.42,30.02,19.38,-327608.83,-10.23,76558.59,3.42,557176.62,961344.04,-404167.42,19.38,CRITICAL,CRITICAL,2026-03-01
Nov,11,Asia Pacific,Real Estate,2606245.16,2842658.8,1857889.97,1920223.19,2024,236413.64,9.07,62333.22,3.36,748355.19,922435.61,174080.42,28.71,32.45,236413.64,9.07,62333.22,3.36,922435.61,748355.19,174080.42,32.45,FAVORABLE,OK,2026-03-01
Nov,11,Asia Pacific,Hedge Funds,1543164.87,1695276.09,1054443.92,959331.67,2024,152111.22,9.86,-95112.25,-9.02,488720.95,735944.42,247223.47,31.67,43.41,152111.22,9.86,-95112.25,-9.02,735944.42,488720.95,247223.47,43.41,FAVORABLE,OK,2026-03-01
Nov,11,Asia Pacific,Private Equity,1391496.74,1461405.14,698275.81,772165.24,2024,69908.4,5.02,73889.43,10.58,693220.93,689239.9,-3981.03,49.82,47.16,69908.4,5.02,73889.43,10.58,689239.9,693220.93,-3981.03,47.16,FAVORABLE,OK,2026-03-01
Nov,11,Latin America,Equity Funds,4331306.29,4471699.96,3240937.6,2949385.68,2024,140393.67,3.24,-291551.92,-9.0,1090368.69,1522314.28,431945.59,25.17,34.04,140393.67,3.24,-291551.92,-9.0,1522314.28,1090368.69,431945.59,34.04,FAVORABLE,OK,2026-03-01
Nov,11,Latin America,Fixed Income,2072929.59,1908074.92,1375558.34,1261396.11,2024,-164854.67,-7.95,-114162.23,-8.3,697371.25,646678.81,-50692.44,33.64,33.89,-164854.67,-7.95,-114162.23,-8.3,646678.81,697371.25,-50692.44,33.89,UNFAVORABLE,WATCH,2026-03-01
Nov,11,Latin America,Real Estate,3641677.4,3941049.51,2406317.02,2594146.2,2024,299372.11,8.22,187829.18,7.81,1235360.38,1346903.31,111542.93,33.92,34.18,299372.11,8.22,187829.18,7.81,1346903.31,1235360.38,111542.93,34.18,FAVORABLE,OK,2026-03-01
Nov,11,Latin America,Hedge Funds,945172.62,962587.52,439043.18,467172.75,2024,17414.9,1.84,28129.57,6.41,506129.44,495414.77,-10714.67,53.55,51.47,17414.9,1.84,28129.57,6.41,495414.77,506129.44,-10714.67,51.47,ON TARGET,OK,2026-03-01
Nov,11,Latin America,Private Equity,2548664.03,2626447.63,1567288.78,1739057.43,2024,77783.6,3.05,171768.65,10.96,981375.25,887390.2,-93985.05,38.51,33.79,77783.6,3.05,171768.65,10.96,887390.2,981375.25,-93985.05,33.79,FAVORABLE,OK,2026-03-01
Nov,11,Middle East,Equity Funds,2933012.68,2790421.71,1788537.34,1599630.47,2024,-142590.97,-4.86,-188906.87,-10.56,1144475.34,1190791.24,46315.9,39.02,42.67,-142590.97,-4.86,-188906.87,-10.56,1190791.24,1144475.34,46315.9,42.67,UNFAVORABLE,WATCH,2026-03-01
Nov,11,Middle East,Fixed Income,2489691.77,2553424.05,1516254.92,1595717.43,2024,63732.28,2.56,79462.51,5.24,973436.85,957706.62,-15730.23,39.1,37.51,63732.28,2.56,79462.51,5.24,957706.62,973436.85,-15730.23,37.51,FAVORABLE,OK,2026-03-01
Nov,11,Middle East,Real Estate,4252875.27,3876001.95,2679305.68,2718949.47,2024,-376873.32,-8.86,39643.79,1.48,1573569.59,1157052.48,-416517.11,37.0,29.85,-376873.32,-8.86,39643.79,1.48,1157052.48,1573569.59,-416517.11,29.85,UNFAVORABLE,WATCH,2026-03-01
Nov,11,Middle East,Hedge Funds,2040751.27,1917286.9,1160827.82,1102381.16,2024,-123464.37,-6.05,-58446.66,-5.03,879923.45,814905.74,-65017.71,43.12,42.5,-123464.37,-6.05,-58446.66,-5.03,814905.74,879923.45,-65017.71,42.5,UNFAVORABLE,WATCH,2026-03-01
Nov,11,Middle East,Private Equity,2291922.92,2492864.51,1427353.77,1368239.34,2024,200941.59,8.77,-59114.43,-4.14,864569.15,1124625.17,260056.02,37.72,45.11,200941.59,8.77,-59114.43,-4.14,1124625.17,864569.15,260056.02,45.11,FAVORABLE,OK,2026-03-01
Dec,12,North America,Equity Funds,3396066.5,3394652.82,1759667.74,1759143.94,2024,-1413.68,-0.04,-523.8,-0.03,1636398.76,1635508.88,-889.88,48.19,48.18,-1413.68,-0.04,-523.8,-0.03,1635508.88,1636398.76,-889.88,48.18,ON TARGET,OK,2026-03-01
Dec,12,North America,Fixed Income,2282500.04,2285482.52,1047104.31,975518.67,2024,2982.48,0.13,-71585.64,-6.84,1235395.73,1309963.85,74568.12,54.12,57.32,2982.48,0.13,-71585.64,-6.84,1309963.85,1235395.73,74568.12,57.32,ON TARGET,OK,2026-03-01
Dec,12,North America,Real Estate,2279828.92,2489029.38,1094325.79,1086600.77,2024,209200.46,9.18,-7725.02,-0.71,1185503.13,1402428.61,216925.48,52.0,56.34,209200.46,9.18,-7725.02,-0.71,1402428.61,1185503.13,216925.48,56.34,FAVORABLE,OK,2026-03-01
Dec,12,North America,Hedge Funds,3011910.43,3288371.81,2248404.06,2390785.65,2024,276461.38,9.18,142381.59,6.33,763506.37,897586.16,134079.79,25.35,27.3,276461.38,9.18,142381.59,6.33,897586.16,763506.37,134079.79,27.3,FAVORABLE,OK,2026-03-01
Dec,12,North America,Private Equity,2369785.63,2196121.28,1346645.29,1208812.94,2024,-173664.35,-7.33,-137832.35,-10.24,1023140.34,987308.34,-35832.0,43.17,44.96,-173664.35,-7.33,-137832.35,-10.24,987308.34,1023140.34,-35832.0,44.96,UNFAVORABLE,WATCH,2026-03-01
Dec,12,Europe,Equity Funds,2789323.8,3116739.56,2053689.51,1865807.0,2024,327415.76,11.74,-187882.51,-9.15,735634.29,1250932.56,515298.27,26.37,40.14,327415.76,11.74,-187882.51,-9.15,1250932.56,735634.29,515298.27,40.14,FAVORABLE,OK,2026-03-01
Dec,12,Europe,Fixed Income,5184072.73,4983866.29,3025573.12,3210712.91,2024,-200206.44,-3.86,185139.79,6.12,2158499.61,1773153.38,-385346.23,41.64,35.58,-200206.44,-3.86,185139.79,6.12,1773153.38,2158499.61,-385346.23,35.58,UNFAVORABLE,WATCH,2026-03-01
Dec,12,Europe,Real Estate,1636068.59,1457529.01,914519.38,877874.38,2024,-178539.58,-10.91,-36645.0,-4.01,721549.21,579654.63,-141894.58,44.1,39.77,-178539.58,-10.91,-36645.0,-4.01,579654.63,721549.21,-141894.58,39.77,CRITICAL,CRITICAL,2026-03-01
Dec,12,Europe,Hedge Funds,2849012.97,2859615.22,1581485.4,1624401.14,2024,10602.25,0.37,42915.74,2.71,1267527.57,1235214.08,-32313.49,44.49,43.2,10602.25,0.37,42915.74,2.71,1235214.08,1267527.57,-32313.49,43.2,ON TARGET,OK,2026-03-01
Dec,12,Europe,Private Equity,1553467.19,1478615.3,1071457.69,1155877.25,2024,-74851.89,-4.82,84419.56,7.88,482009.5,322738.05,-159271.45,31.03,21.83,-74851.89,-4.82,84419.56,7.88,322738.05,482009.5,-159271.45,21.83,UNFAVORABLE,WATCH,2026-03-01
Dec,12,Asia Pacific,Equity Funds,2914267.03,3135109.37,1958643.33,2040345.27,2024,220842.34,7.58,81701.94,4.17,955623.7,1094764.1,139140.4,32.79,34.92,220842.34,7.58,81701.94,4.17,1094764.1,955623.7,139140.4,34.92,FAVORABLE,OK,2026-03-01
Dec,12,Asia Pacific,Fixed Income,5207315.65,5488915.88,3188339.41,2826129.12,2024,281600.23,5.41,-362210.29,-11.36,2018976.24,2662786.76,643810.52,38.77,48.51,281600.23,5.41,-362210.29,-11.36,2662786.76,2018976.24,643810.52,48.51,FAVORABLE,OK,2026-03-01
Dec,12,Asia Pacific,Real Estate,2951324.85,3146935.37,2099464.68,2211021.89,2024,195610.52,6.63,111557.21,5.31,851860.17,935913.48,84053.31,28.86,29.74,195610.52,6.63,111557.21,5.31,935913.48,851860.17,84053.31,29.74,FAVORABLE,OK,2026-03-01
Dec,12,Asia Pacific,Hedge Funds,3334684.76,3430512.24,1740311.48,1593196.29,2024,95827.48,2.87,-147115.19,-8.45,1594373.28,1837315.95,242942.67,47.81,53.56,95827.48,2.87,-147115.19,-8.45,1837315.95,1594373.28,242942.67,53.56,FAVORABLE,OK,2026-03-01
Dec,12,Asia Pacific,Private Equity,3987054.25,3613766.0,1519473.97,1451532.51,2024,-373288.25,-9.36,-67941.46,-4.47,2467580.28,2162233.49,-305346.79,61.89,59.83,-373288.25,-9.36,-67941.46,-4.47,2162233.49,2467580.28,-305346.79,59.83,UNFAVORABLE,WATCH,2026-03-01
Dec,12,Latin America,Equity Funds,1410271.47,1503340.01,1023041.94,1114579.9,2024,93068.54,6.6,91537.96,8.95,387229.53,388760.11,1530.58,27.46,25.86,93068.54,6.6,91537.96,8.95,388760.11,387229.53,1530.58,25.86,FAVORABLE,OK,2026-03-01
Dec,12,Latin America,Fixed Income,3608907.32,3355424.92,1759622.57,1828132.48,2024,-253482.4,-7.02,68509.91,3.89,1849284.75,1527292.44,-321992.31,51.24,45.52,-253482.4,-7.02,68509.91,3.89,1527292.44,1849284.75,-321992.31,45.52,UNFAVORABLE,WATCH,2026-03-01
Dec,12,Latin America,Real Estate,2810455.68,3088437.29,1584591.87,1529176.91,2024,277981.61,9.89,-55414.96,-3.5,1225863.81,1559260.38,333396.57,43.62,50.49,277981.61,9.89,-55414.96,-3.5,1559260.38,1225863.81,333396.57,50.49,FAVORABLE,OK,2026-03-01
Dec,12,Latin America,Hedge Funds,4158218.4,4351139.75,2752625.58,2549326.02,2024,192921.35,4.64,-203299.56,-7.39,1405592.82,1801813.73,396220.91,33.8,41.41,192921.35,4.64,-203299.56,-7.39,1801813.73,1405592.82,396220.91,41.41,FAVORABLE,OK,2026-03-01
Dec,12,Latin America,Private Equity,1734385.64,1931235.9,1087342.45,1032280.51,2024,196850.26,11.35,-55061.94,-5.06,647043.19,898955.39,251912.2,37.31,46.55,196850.26,11.35,-55061.94,-5.06,898955.39,647043.19,251912.2,46.55,FAVORABLE,OK,2026-03-01
Dec,12,Middle East,Equity Funds,1609437.61,1551035.56,1200928.22,1286070.77,2024,-58402.05,-3.63,85142.55,7.09,408509.39,264964.79,-143544.6,25.38,17.08,-58402.05,-3.63,85142.55,7.09,264964.79,408509.39,-143544.6,17.08,UNFAVORABLE,WATCH,2026-03-01
Dec,12,Middle East,Fixed Income,2017352.11,1959104.3,1039122.88,1118522.87,2024,-58247.81,-2.89,79399.99,7.64,978229.23,840581.43,-137647.8,48.49,42.91,-58247.81,-2.89,79399.99,7.64,840581.43,978229.23,-137647.8,42.91,UNFAVORABLE,WATCH,2026-03-01
Dec,12,Middle East,Real Estate,4607799.62,4372945.98,3467525.18,3339667.97,2024,-234853.64,-5.1,-127857.21,-3.69,1140274.44,1033278.01,-106996.43,24.75,23.63,-234853.64,-5.1,-127857.21,-3.69,1033278.01,1140274.44,-106996.43,23.63,UNFAVORABLE,WATCH,2026-03-01
Dec,12,Middle East,Hedge Funds,2646858.29,2457598.19,1411383.99,1558063.12,2024,-189260.1,-7.15,146679.13,10.39,1235474.3,899535.07,-335939.23,46.68,36.6,-189260.1,-7.15,146679.13,10.39,899535.07,1235474.3,-335939.23,36.6,UNFAVORABLE,WATCH,2026-03-01
Dec,12,Middle East,Private Equity,3810073.85,3889473.2,1734906.66,1805621.72,2024,79399.35,2.08,70715.06,4.08,2075167.19,2083851.48,8684.29,54.47,53.58,79399.35,2.08,70715.06,4.08,2083851.48,2075167.19,8684.29,53.58,FAVORABLE,OK,2026-03-01
